peptide,model,individual,fitness,sequence,dRMSD,Pearson_Correlation,GDT_TS
1llm,blosum62_fitness_auc_pr,1,0.7989384927412565,ATPFDCRGCWRYATTSYNFTRMKSHTGDR,7.368644472248858,0.6699473948713605,0.146551724137931
1llm,blosum62_fitness_auc_pr,15,0.7959803195982247,ATPFDCRGCWRYATTSYNFTRMKSHTGQR,6.985835403047616,0.6657413932141425,0.146551724137931
1llm,blosum62_fitness_auc_pr,30,0.7929403814483428,ATPFDCRGCWRYAKTSYNFSRMRSHTGDK,7.474532037866807,0.6668016352600712,0.1551724137931034
1llm,blosum62_fitness_auc_pr,45,0.7915058376593488,VTPFDCRGCWRYAKTSYNFSRMRSHTGDR,7.531953019702553,0.668372739065169,0.1379310344827586
1llm,blosum62_fitness_auc_pr,60,0.7904953616555569,ANPFDCRGCWRYATTSYNFTRMRSHTGDQ,7.034077045635532,0.6392528889160234,0.1379310344827586
1llm,blosum62_fitness_auc_pr,75,0.7895959178054929,ATPFDCRGCWRYATTSYNFSRMRSHTGQR,6.816773381743813,0.6519592403423298,0.1896551724137931
1llm,blosum62_fitness_auc_pr,90,0.7888079840258012,VNPFDCRGCWRYATTSYNFTRMKSHTGQR,6.994271125196514,0.6296478179367232,0.1551724137931034
1n7d,blosum62_fitness_auc_pr,1,0.6904158536305873,DEGVCNKTDKCMDGNDYKSCVVFTFWLN,4.7868546750667935,0.826444836611365,0.2946428571428571
1n7d,blosum62_fitness_auc_pr,15,0.6844608805557942,DELVCNKRQKCADGNDYKSCVVMTFWLN,5.718909319957581,0.7570903478941418,0.1785714285714285
1n7d,blosum62_fitness_auc_pr,30,0.6820085897376118,DSFVCNQKDRCMDGHDYKNCVVFTFWVN,5.691950165897304,0.7901194207513969,0.1964285714285714
1n7d,blosum62_fitness_auc_pr,45,0.6811326236126273,DEGVCNKTDKCMDGNDYKSCVVITFWLN,5.151765310632649,0.797858323972824,0.2857142857142857
1n7d,blosum62_fitness_auc_pr,60,0.6800150377270143,DEGVCNRTDKCMDGNDYKSCIVFTFWLN,6.3097994308060255,0.750233288471359,0.2410714285714285
1n7d,blosum62_fitness_auc_pr,75,0.6794418857685999,EEFVCNKRDKCMDGHDYNSCIVFTFWMN,8.015662964701894,0.5692110564318575,0.1607142857142857
1n7d,blosum62_fitness_auc_pr,90,0.6787823276532895,SEGVCNKTDKCMDGNDYDSCVVFTFWLN,5.001622672551503,0.813280572340079,0.2767857142857143
3h25,blosum62_fitness_auc_pr,1,1.0,GMIMMTQMAQQAQQANKKKK,1.14683960874029,0.9846206931642852,0.875
3h25,blosum62_fitness_auc_pr,15,0.9966641947843282,GAMMMTQMAQQAQQANKKKK,1.1045194050339429,0.985646568434997,0.8625
3h25,blosum62_fitness_auc_pr,30,0.9934262275544256,GMLMMTQMAQQAQQANKNKN,0.7920407516532745,0.992857519888334,0.9
3h25,blosum62_fitness_auc_pr,45,0.9918040060851928,AMMMMNQMAQQAQQANKKKK,1.292806085344968,0.982200387417123,0.8125
3h25,blosum62_fitness_auc_pr,60,0.9902980865383536,GMIMMTQMAQQAQNANKQKK,1.0286673000823785,0.9875888137825036,0.875
3h25,blosum62_fitness_auc_pr,75,0.9897588639542664,GLMMMTQMAQQAQQANKRKK,1.1663698028273997,0.9840231590873332,0.8875
3h25,blosum62_fitness_auc_pr,90,0.9892806274242076,AVMMMQQMAQQAQQANKKKK,1.1336467762037647,0.9850449873481903,0.8625
5uiy,blosum62_fitness_auc_pr,1,1.0,HWWLWVFVALWIAKNKDDS,1.6686038955408593,0.9679300518165216,0.7236842105263158
5uiy,blosum62_fitness_auc_pr,15,1.0,HWWFWAVVALWIAKNKDDS,1.8905992923798485,0.9653643522838148,0.6973684210526315
5uiy,blosum62_fitness_auc_pr,30,1.0,HWWFWVLVAIWIAQNQDDS,1.5706386611507597,0.9668203947060918,0.7105263157894737
5uiy,blosum62_fitness_auc_pr,45,1.0,HWWFWVLLAIWIAKNKDDS,1.9130186236466944,0.9661473395358912,0.7236842105263158
5uiy,blosum62_fitness_auc_pr,60,1.0,HWWFWVIVMIWIAQNKDDS,1.8516290187412128,0.9674872930910698,0.6973684210526315
5uiy,blosum62_fitness_auc_pr,75,1.0,DWWFWVIVALWIAQNKDDS,1.879798407575879,0.9666318914465613,0.7105263157894737
5uiy,blosum62_fitness_auc_pr,90,1.0,HWWFWIVVALWIAQNKDDS,1.9229122002018733,0.967206073568047,0.7105263157894737
3sb1,blosum62_fitness_shannon_entropy,1,1.8866967846580789,MGNADMAAGQMAMMAKMCQM,0.6698463085112288,0.9936764100592508,0.9
3sb1,blosum62_fitness_shannon_entropy,15,1.8866967846580789,MGEMNMAFAYAMMAIQMAQM,1.2454938437265908,0.98032433803387,0.8625
3sb1,blosum62_fitness_shannon_entropy,30,1.8866967846580789,MGNMNCAAGYAAMALQMAQM,1.8015998411912548,0.9591200559375752,0.7875000000000001
3sb1,blosum62_fitness_shannon_entropy,45,1.8866967846580789,MGEMNMAAGYAAMAIQMAHM,1.221745705853892,0.9813154118409771,0.8625
3sb1,blosum62_fitness_shannon_entropy,60,1.8866967846580789,MGQMDMAAGYAAMAMQMAQM,1.5585858743967949,0.9741897781639056,0.825
3sb1,blosum62_fitness_shannon_entropy,75,1.8866967846580789,MGEMNMIGGYAMMAMQMAQM,1.372361603756997,0.9749727155404856,0.8
3sb1,blosum62_fitness_shannon_entropy,90,1.8866967846580789,MGEIDWAMGQALMAIQMAQM,0.5942477376375918,0.9950216076052646,0.925
2qiw,blosum62_fitness_auc_pr,1,1.0,MIWYEFFAMYAMQQMQMAQ,0.8860424430165625,0.9897737465853576,0.881578947368421
2qiw,blosum62_fitness_auc_pr,15,1.0,MWWDYMMAMYAMQQMQAAQ,1.005185377834632,0.986406446285652,0.8421052631578947
2qiw,blosum62_fitness_auc_pr,30,0.9989247311827956,MFMDYFFAMYAMQQMQMAQ,0.8053504030119957,0.990767317379993,0.8552631578947368
2qiw,blosum62_fitness_auc_pr,45,0.9979166666666668,MWWNYLFAMYAMQQMQMAQ,0.946101983952618,0.9893996210066284,0.881578947368421
2qiw,blosum62_fitness_auc_pr,60,0.9978136200716844,MFFYYMFAMYAMQQMQLAQ,0.8163510571726497,0.9908941935903162,0.868421052631579
2qiw,blosum62_fitness_auc_pr,75,0.9966641947843282,MFWYEFFAMYAMQQMQLAQ,0.8068612968585492,0.9907440162257072,0.868421052631579
2qiw,blosum62_fitness_auc_pr,90,0.9958585858585858,MWWDEMFAMYAMQQMQMAQ,0.8466933052379659,0.9897217249149464,0.8947368421052632
4gzn,blosum62_fitness_shannon_entropy,1,2.0659453991353804,SDPFECDLCFESYSTMNAMHRHRNSHFG,0.9705315528856068,0.977488449012934,0.8660714285714286
4gzn,blosum62_fitness_shannon_entropy,15,2.035122319944118,QNPFECDLCFDSYSTMSAMHRNRDSHFG,8.926039800295953,0.5701689694831548,0.0982142857142857
4gzn,blosum62_fitness_shannon_entropy,30,2.035122319944118,SNPFECDLCFESYSTMNAMHRNRDSHFG,8.329097433339703,0.579008958037271,0.1160714285714285
4gzn,blosum62_fitness_shannon_entropy,45,2.035122319944118,SDPFECDLCFDSYSTMNAMHRKRYSHFG,8.343687848240396,0.5898805215578409,0.1160714285714285
4gzn,blosum62_fitness_shannon_entropy,60,2.035122319944118,QEPFTCDLCFERYSTMSAMHRKRNSHFG,9.381978881158195,0.6163856469667854,0.1071428571428571
4gzn,blosum62_fitness_shannon_entropy,75,2.035122319944118,SNPFECDLCFDSYSTMNAMHRNRDSHFG,8.343743374650511,0.5827016826493016,0.1160714285714285
4gzn,blosum62_fitness_shannon_entropy,90,2.035122319944118,SDPFECDLCFERYSTMSAMHRERNSHFG,0.7754081962574164,0.9860117834754664,0.9017857142857144
1s7m,blosum62_fitness_auc_pr,1,0.9951151555588506,SAERECIDGWHVKIKTIDGNKYLETEPP,2.5294202174548546,0.9205481352519236,0.4196428571428571
1s7m,blosum62_fitness_auc_pr,15,0.989563441167302,NATRECIDGWHVKIRTIDGNKYVETEPP,2.655741415674461,0.913031788513521,0.4375
1s7m,blosum62_fitness_auc_pr,30,0.9882962194114558,NAERECIDGWHVKIRTINGNKYVETDPP,2.565589492408776,0.9184431205433682,0.4107142857142857
1s7m,blosum62_fitness_auc_pr,45,0.987564718358181,SMERECIDGWHVKVKTINGNKYLETEPP,2.7674186443286857,0.9053118659049696,0.3571428571428571
1s7m,blosum62_fitness_auc_pr,60,0.9871718993733952,SPKRECIDGWHVKVKTIDGNKYLETEPP,2.0494102057627503,0.9462944455755232,0.4910714285714286
1s7m,blosum62_fitness_auc_pr,75,0.9866477335066872,SAESECIDGWHVKIRTIDGNKYLETDPP,2.486081028599101,0.9228087234764571,0.3928571428571428
1s7m,blosum62_fitness_auc_pr,90,0.986126581273884,SMERECIDGWHVKVKTIDGNKYLETDPP,2.839113291352237,0.8993495268018625,0.3482142857142857
3m9q,blosum62_fitness_auc_pr,1,0.9952210274790918,NNQQYHMYYQMWQAMQA,0.7564337392662344,0.9932952918491526,0.9411764705882352
3m9q,blosum62_fitness_auc_pr,15,0.99189425115351,NNQQYQMYQEAMQAMQA,1.0245140970953004,0.9933561985421214,0.9558823529411764
3m9q,blosum62_fitness_auc_pr,30,0.9897213944468096,QNEQYQMYHQAWQAAQA,0.8951997056736899,0.9856970342897016,0.9117647058823528
3m9q,blosum62_fitness_auc_pr,45,0.988095238095238,HHEQYQMYQQAWQAAQA,0.6618771118909531,0.993608892262679,0.9117647058823528
3m9q,blosum62_fitness_auc_pr,60,0.9869404170720448,NNEQYQMYQQAWQAMQA,0.6641873832541608,0.9947473075036072,0.9558823529411764
3m9q,blosum62_fitness_auc_pr,75,0.9858875117248704,KNQQYQMYQQAWQAAQA,0.8797791430922436,0.9922854450714278,0.9558823529411764
3m9q,blosum62_fitness_auc_pr,90,0.985095343613862,YNKQYQWYQQAWQAMQA,1.3621430165580244,0.9796673233461656,0.7352941176470589
3w68,blosum62_fitness_shannon_entropy,1,1.2202684147783855,MYLFFYLQAKKWLCV,2.670218600061892,0.863427947622104,0.3333333333333333
3w68,blosum62_fitness_shannon_entropy,15,1.2202684147783855,MYPFFYPYWKKWACL,4.07172035920031,0.8678941576809873,0.2833333333333333
3w68,blosum62_fitness_shannon_entropy,30,1.2202684147783855,MYLFFYLQAKKWMCV,2.650462994572805,0.8649171921528988,0.3333333333333333
3w68,blosum62_fitness_shannon_entropy,45,1.2202684147783855,MYPFFYLQAKKWLCC,2.7070347813246824,0.8533887777822584,0.35
3w68,blosum62_fitness_shannon_entropy,60,1.2202684147783855,MYPFFYLQAKKPLCF,4.677645257784013,0.8364213138414239,0.3166666666666666
3w68,blosum62_fitness_shannon_entropy,75,1.2202684147783855,MYPFFYLYWKKWICC,2.654535553880987,0.858514069696991,0.35
3w68,blosum62_fitness_shannon_entropy,90,1.2202684147783855,MDICFYLYWKKWMCL,2.750111331197568,0.8541464533162788,0.3666666666666667
3c8v,blosum62_fitness_shannon_entropy,1,1.895419547616808,WVFFMKGFNKKMKKMMDEK,1.0783521633985769,0.9895351823393356,0.75
3c8v,blosum62_fitness_shannon_entropy,15,1.895419547616808,WCFFMKGFNKKMKDMMDNK,1.4732790335022967,0.9863850535570254,0.7236842105263158
3c8v,blosum62_fitness_shannon_entropy,30,1.895419547616808,PCFFMKGFNKKMKKMMDKK,1.20269539187552,0.9875488414182548,0.763157894736842
3c8v,blosum62_fitness_shannon_entropy,45,1.895419547616808,PCFFMKGFNKKMKKMMEQK,1.2325821251587916,0.986985831773478,0.7368421052631579
3c8v,blosum62_fitness_shannon_entropy,60,1.895419547616808,CIFFMKGFNKKMKEMMDNK,0.9036168430033646,0.9894343996472325,0.8157894736842105
3c8v,blosum62_fitness_shannon_entropy,75,1.895419547616808,WCFFMKGFDEKMKEMMDKK,1.1878068247561688,0.9872808208409491,0.7368421052631579
3c8v,blosum62_fitness_shannon_entropy,90,1.895419547616808,CIFFMKGFDKKMKEMMKDK,1.2828963638857842,0.9836608579871426,0.7236842105263158
2qq8,blosum62_fitness_shannon_entropy,1,1.922753532011652,YGYMNPMMDAKSYIPPTPS,6.552225708810126,0.8366065306208746,0.4342105263157894
2qq8,blosum62_fitness_shannon_entropy,15,1.9137087816470904,YGYMNPMMDAKYYFPPQFQ,5.44510029966678,0.827411730713022,0.4736842105263158
2qq8,blosum62_fitness_shannon_entropy,30,1.8682852965231247,YGYMNPMMDAKYYFPPQPH,5.52763740799912,0.8166173925650331,0.4078947368421052
2qq8,blosum62_fitness_shannon_entropy,45,1.859240546158564,YGYMNPMMDWKSYIPPNPH,6.273621501258464,0.8176784635049235,0.3684210526315789
2qq8,blosum62_fitness_shannon_entropy,60,1.859240546158564,YGYMNPMMDIKYYFPPQPT,5.949794746782836,0.80563263839898,0.3421052631578947
2qq8,blosum62_fitness_shannon_entropy,75,1.859240546158564,YGYMNPMMDWKYYFPPNVS,5.521308262741408,0.8253257956801194,0.4078947368421052
2qq8,blosum62_fitness_shannon_entropy,90,1.859240546158564,YGYMNPMMDWKYYFPIQPH,5.500243414961492,0.8064641880834648,0.4078947368421052
3e7r,blosum62_fitness_shannon_entropy,1,2.3034884952192693,SRANCETHCRIIRGTKGGKWAKGGAVCKCG,6.990470018013588,0.3267248853939721,0.2166666666666666
3e7r,blosum62_fitness_shannon_entropy,15,2.3034884952192693,SQANCETHCRIMHGSKGGKWAKGGAVCNCG,4.414248655536323,0.5825278629315518,0.2666666666666666
3e7r,blosum62_fitness_shannon_entropy,30,2.3034884952192693,SQAHCETHCNIMHGTKGGKWAKGGAVCKCG,4.423650066309327,0.6003215702084227,0.2666666666666666
3e7r,blosum62_fitness_shannon_entropy,45,2.3034884952192693,SQAHCETHCRIMHGTKGGKWAKGGAVCQCG,4.29162999348483,0.6048053435779236,0.2833333333333333
3e7r,blosum62_fitness_shannon_entropy,60,2.3034884952192693,SQANCETHCRIMHGRKGGKWASGGAFCNCG,6.3269928626477805,0.2948886352740424,0.2166666666666666
3e7r,blosum62_fitness_shannon_entropy,75,2.3034884952192693,SQANCETHCRIMHGTKGGKWAKGGAFCNCG,4.253187359979023,0.6023016962777532,0.2833333333333333
3e7r,blosum62_fitness_shannon_entropy,90,2.3034884952192693,NQANCETHCRIIRGKKGGKWLKGGAVCKCG,12.072669011757531,0.0891600561450167,0.05
2e45,blosum62_fitness_auc_pr,1,0.973866260708366,GWVRCQDTYGTWYYHAPYGTQQW,0.6920238619068921,0.9911972560049715,0.8804347826086957
2e45,blosum62_fitness_auc_pr,15,0.9685941502920352,GWVRCQNSYGTWYYHAPYGTQQW,7.031757870254082,0.603755430732331,0.2282608695652174
2e45,blosum62_fitness_auc_pr,30,0.9665236701158328,GWVDCQDNYGTWYYHAPYGQQQW,2.1254435561781,0.9008608426982274,0.5108695652173914
2e45,blosum62_fitness_auc_pr,45,0.9657365874889436,GWVRCQDDYGTWYYNAPYGYQQW,2.965776292615578,0.865001980590749,0.3260869565217391
2e45,blosum62_fitness_auc_pr,60,0.9648996410704744,GWVDVQDDHGTWYYHAPYGYQQW,7.547686464914313,0.5598732875902025,0.2391304347826087
2e45,blosum62_fitness_auc_pr,75,0.9640559300658712,GWVDVYDQQGTWYYHAPYGYQQW,2.6234570172025173,0.8612305957691209,0.4673913043478261
2e45,blosum62_fitness_auc_pr,90,0.9634404795735988,GWVRCKDQYGTWYYHAPYGQQHW,5.592159677835628,0.6117517035388111,0.3695652173913043
2i13,blosum62_fitness_auc_pr,1,0.8463890034360586,QPYECCYCCRYYTQNALNGYKNKT,7.606713469212986,0.4472722041414526,0.1354166666666666
2i13,blosum62_fitness_auc_pr,15,0.8375624956638025,RPYECCYCCRYYTQNALNGYKNNT,7.535749280092688,0.450589516883952,0.15625
2i13,blosum62_fitness_auc_pr,30,0.8340890644874752,EPYECCYCCRYYTENALNGYKNKT,7.650860605320313,0.4461480395921486,0.125
2i13,blosum62_fitness_auc_pr,45,0.8325420519243633,QPYECCYCCRYYTENALNGYKNKT,7.62087218981564,0.4459383386410346,0.125
2i13,blosum62_fitness_auc_pr,60,0.8312101418285539,EPYECCYCCKYYTQYALNGYKNRT,7.65328689759183,0.4475771788302515,0.1354166666666666
2i13,blosum62_fitness_auc_pr,75,0.8304037574191058,KPYECCYCCKYYTRYALNGYKNDT,7.818237408724811,0.4447578960460068,0.1354166666666666
2i13,blosum62_fitness_auc_pr,90,0.8295319252046065,KPYECCECCKYYTKNALNGYKNNT,7.936668399840527,0.4468213175329747,0.1041666666666666
3clq,blosum62_fitness_auc_pr,1,0.997863247863248,QFDMMQQMQQWHEYWMYQALEA,1.425410678268645,0.9791440150283534,0.7159090909090909
3clq,blosum62_fitness_auc_pr,15,0.9900108441775108,QFDMMNQMQQFQEYWMYQAAEA,1.3864822533956662,0.9816590998840972,0.7613636363636364
3clq,blosum62_fitness_auc_pr,30,0.9880335516478927,QFDMMNHMQQMQQYWMYQAAEA,1.1916706697977713,0.988582556302156,0.8295454545454546
3clq,blosum62_fitness_auc_pr,45,0.986408052474822,QFDMMQQMQQWQEYWMYQAIEA,1.4142960275872842,0.9811517595920932,0.75
3clq,blosum62_fitness_auc_pr,60,0.9853186094257524,QFDMMQQMQQFHEYWMYQAIES,1.461133373991957,0.978247092756012,0.6931818181818181
3clq,blosum62_fitness_auc_pr,75,0.984589175601901,QFDMMQQMQQWQEYWWYQAIEA,1.43491365601191,0.9810346955152628,0.75
3clq,blosum62_fitness_auc_pr,90,0.9837225244297612,QFDMMQQMQQFQEYWMYQAVEA,1.4356563380612668,0.9809780810613232,0.75
1n7d,blosum62_fitness_shannon_entropy,1,1.8480545618396291,HSFICNSYDNCADGSQECNVVVFTFMLY,4.687146146093684,0.8616724120095599,0.2767857142857143
1n7d,blosum62_fitness_shannon_entropy,15,1.8315763374769027,STFICNSYDECADGSQECNVVVFTFMLY,4.395486885563026,0.8725728847679983,0.3303571428571429
1n7d,blosum62_fitness_shannon_entropy,30,1.809117864013425,HSFICNSYDNCMDGYNECNVVVMTFILY,6.254712866543277,0.7059562597538243,0.2053571428571428
1n7d,blosum62_fitness_shannon_entropy,45,1.809117864013425,HSFICNSYDECADGYNECNVVVLTFILY,6.055661400925636,0.7252281594686781,0.1875
1n7d,blosum62_fitness_shannon_entropy,60,1.809117864013425,SSFICNSYDNCMDGYNECNVVVLTFMLY,6.396724075157553,0.7138782502164771,0.1785714285714285
1n7d,blosum62_fitness_shannon_entropy,75,1.809117864013425,TSFICNSYDECADGYNECDVVVLTFMLY,5.159848644411502,0.8520407131925586,0.2589285714285714
1n7d,blosum62_fitness_shannon_entropy,90,1.809117864013425,NTFICNSYDECADGYNECNVVVFTFMLY,5.2179637418317375,0.8389895629119475,0.2857142857142857
3vdu,blosum62_fitness_shannon_entropy,1,1.9080494202409224,IDECRLCHHVTDKDVCKPCWDKD,3.895246124516999,0.572040656575752,0.2282608695652173
3vdu,blosum62_fitness_shannon_entropy,15,1.9080494202409224,IDECRLCSHITNQDVCKPCWNKD,6.866255194170733,0.3950363811716598,0.1956521739130434
3vdu,blosum62_fitness_shannon_entropy,30,1.9080494202409224,IDECKLCHHITNQDVCKPCWEKE,3.8285706362139984,0.583317208659017,0.2282608695652174
3vdu,blosum62_fitness_shannon_entropy,45,1.9080494202409224,IDQCRLCHHVTDQDVCKPCWEKE,6.733692152187737,0.3278072668877944,0.1739130434782608
3vdu,blosum62_fitness_shannon_entropy,60,1.9080494202409224,IDECYLCHHVTEQDVCKPCFEKD,7.035050123641863,0.3276767096449945,0.1847826086956521
3vdu,blosum62_fitness_shannon_entropy,75,1.9080494202409224,IDECYLCHHWTEQDVCKPCWDKD,6.706106222420623,0.3662765286032108,0.1956521739130434
3vdu,blosum62_fitness_shannon_entropy,90,1.9080494202409224,FDECRLCHHITEQDVCKPCWEKE,6.719170310619835,0.3253245800511624,0.1739130434782608
3m9q,blosum62_fitness_shannon_entropy,1,1.9254081650860664,SKQQQEMEEKWAKAAKG,0.4066721304690647,0.9968857304214964,0.9705882352941176
3m9q,blosum62_fitness_shannon_entropy,15,1.9254081650860664,SKEQREMDEKWAKCMRG,0.6272336987438247,0.9930631363573488,0.9705882352941176
3m9q,blosum62_fitness_shannon_entropy,30,1.9254081650860664,SKQRQEWEQKWAKAAKA,0.3774313506044297,0.9971345842112012,0.9558823529411764
3m9q,blosum62_fitness_shannon_entropy,45,1.9254081650860664,SRQQKEMEEKWAKAARG,0.4355324016529393,0.9963249090115252,0.9705882352941176
3m9q,blosum62_fitness_shannon_entropy,60,1.9254081650860664,SQQKREMDEKWAKPPKG,3.0046920486947983,0.9652794891132755,0.6470588235294117
3m9q,blosum62_fitness_shannon_entropy,75,1.9254081650860664,SRQRREMDEKWAKPPKG,3.1532781486868604,0.9613563310952372,0.6323529411764706
3m9q,blosum62_fitness_shannon_entropy,90,1.9254081650860664,DRNRQEMDEKWAKAAKG,0.7051310056273711,0.9929574114374042,0.9411764705882352
1r5l,blosum62_fitness_auc_pr,1,0.9625,GQAKPKMDMDGMWGM,4.5563531646904005,0.8739390561480542,0.3666666666666667
1r5l,blosum62_fitness_auc_pr,15,0.9426315789473684,GQAKPRMDMDGMWGM,4.477205275964236,0.8743506322092766,0.3666666666666667
1r5l,blosum62_fitness_auc_pr,30,0.9384615384615383,GEAEPKMNMQGMPGM,5.685767975047967,0.880318593706741,0.3166666666666666
1r5l,blosum62_fitness_auc_pr,45,0.9354545454545454,GQAEPKMNMQGMPGM,5.792677471640039,0.8798430610084751,0.3
1r5l,blosum62_fitness_auc_pr,60,0.9334782608695652,AKAEPKMNMQGMPGM,5.696056954988062,0.8497983946108707,0.3
1r5l,blosum62_fitness_auc_pr,75,0.932258064516129,GDAKPEMDMQGMWGM,4.94850337521998,0.8710580034769632,0.3666666666666667
1r5l,blosum62_fitness_auc_pr,90,0.93125,GQAEPQMDMDGMWGM,4.454714770501082,0.8735995404349516,0.3833333333333333
3clq,blosum62_fitness_shannon_entropy,1,2.0083299225285955,PPSLNDEMQKWREEGAQQAAQG,0.786459433852666,0.9952066715794544,0.9431818181818182
3clq,blosum62_fitness_shannon_entropy,15,1.981555816361897,PPSLDDQMQQWKEEWAEQAAQG,0.4648529483968758,0.9979315726438392,0.9659090909090908
3clq,blosum62_fitness_shannon_entropy,30,1.981555816361897,PPDPTDRIQQWREEGAQQAAQG,0.8975743756929698,0.993973944778533,0.8977272727272727
3clq,blosum62_fitness_shannon_entropy,45,1.981555816361897,PPDPDDEMQRWREEGAQQAAQG,0.6647235139561206,0.9959175487818884,0.931818181818182
3clq,blosum62_fitness_shannon_entropy,60,1.9815558163618965,PPDPTDRMQQWREEGAQQAATG,0.8636965891925936,0.9943764132576473,0.8863636363636364
3clq,blosum62_fitness_shannon_entropy,75,1.9700707463975464,AVSLDDQMRQWREEGAQQAAEG,0.6283674333413242,0.997056993878274,0.9431818181818182
3clq,blosum62_fitness_shannon_entropy,90,1.9700707463975464,PPSFDDKMREWREEGAQQAAQG,0.6217661086361743,0.9968848084621488,0.9431818181818182
3vdu,blosum62_fitness_auc_pr,1,0.8312872796566981,GYVCYGCFEVKEQDFCYPCFEEE,7.803946329081278,0.32590631710462,0.1304347826086956
3vdu,blosum62_fitness_auc_pr,15,0.827122503828088,GYFCYGCMEVKEKDVCYPCWDEE,7.669095412689073,0.3258807435330298,0.1413043478260869
3vdu,blosum62_fitness_auc_pr,30,0.8259950255900739,GYMCYGCFEVKEQNVCYPCFEEE,7.819115297383727,0.3267615365364972,0.1195652173913043
3vdu,blosum62_fitness_auc_pr,45,0.825125691530698,GYVCYGCFEVKEKNFCYPCFEEE,8.006135726914863,0.3167267830956773,0.1195652173913043
3vdu,blosum62_fitness_auc_pr,60,0.8244990908372746,GYVCYGCFEVKEQNWCYPCFEEE,7.846490129541747,0.3246082124825513,0.1304347826086956
3vdu,blosum62_fitness_auc_pr,75,0.8238469747115401,GYMCYGCFEVKEKNWCYPCWEEE,7.94556928904957,0.3028958567031358,0.1413043478260869
3vdu,blosum62_fitness_auc_pr,90,0.8232472707103518,GYLCYGCFEVKEEDWCYPCWEEE,6.468622917786091,0.3901291061802057,0.1956521739130434
2kxq,blosum62_fitness_shannon_entropy,1,1.915760594752389,MPEGFTQKTHQNGQIYFLYNDNMVTSFYHP,1.490686687532046,0.9576760356365466,0.75
2kxq,blosum62_fitness_shannon_entropy,15,1.915760594752389,MPEGFEHKTEDNGRMYFLYNDNFVTSFYHP,4.449557020114853,0.6776414200318025,0.4166666666666666
2kxq,blosum62_fitness_shannon_entropy,30,1.915760594752389,MPEGGQQKTKQNGQIYFLYNDNFVTSFYHP,5.965848273403611,0.5780786460754742,0.325
2kxq,blosum62_fitness_shannon_entropy,45,1.915760594752389,MPEGFTQKTHKNGQIYFLYNDNFITSFYHP,4.509065734639064,0.6683665507476967,0.4083333333333333
2kxq,blosum62_fitness_shannon_entropy,60,1.915760594752389,MPEGFTQKTHTNGHMYFLYNDNFITSFYHP,4.379973273505345,0.6735374995151693,0.3916666666666666
2kxq,blosum62_fitness_shannon_entropy,75,1.915760594752389,MPEGFQQKTKKNGQIYFLYNDNFVTSFYHP,1.5182332945390742,0.9576079444908516,0.7416666666666667
2kxq,blosum62_fitness_shannon_entropy,90,1.915760594752389,MPEGFTQKTKTNGHMYFMYNDNMVTSFYHP,4.505480236305752,0.6654018507295678,0.4166666666666666
1emn,blosum62_fitness_shannon_entropy,1,1.6980342660207282,GQMIDTECAYYCYCPFGWIIAPDQCVN,1.352874128031768,0.973791834455232,0.6481481481481481
1emn,blosum62_fitness_shannon_entropy,15,1.6980342660207282,GQLVDTECAYYCQCPFGWAIAPDQCVD,1.2731121240628451,0.9758641669728,0.6574074074074074
1emn,blosum62_fitness_shannon_entropy,30,1.6980342660207282,GELIKTECAYSCTCPFGWAIAPDQCVN,7.215217105232481,0.1784451144737374,0.1574074074074074
1emn,blosum62_fitness_shannon_entropy,45,1.6980342660207282,GQLIKTECAYKCQCPFGWWIAPDECVN,6.335496221056505,0.5569756501495204,0.4444444444444444
1emn,blosum62_fitness_shannon_entropy,60,1.6980342660207282,GQLVDTECAYQCQCPFGWVIAPYQCVN,6.673181878866759,0.5226775344490207,0.4074074074074074
1emn,blosum62_fitness_shannon_entropy,75,1.6980342660207282,GELIKTDCAYKCQCPFGWVIAPYQCVN,5.096481293607068,0.5574583378145215,0.3518518518518518
1emn,blosum62_fitness_shannon_entropy,90,1.6980342660207282,GELIKTECAYQCYCPFGWWIAPDQCVN,4.8776459620914006,0.5833539015934734,0.3981481481481481
1msl,blosum62_fitness_auc_pr,1,0.7335142666175554,GEPREPGETQMMWMYYIN,2.108383341064408,0.9526470944469992,0.5138888888888888
1msl,blosum62_fitness_auc_pr,15,0.7161023803286417,GEPREPGDTHMMWMKYIN,1.753639049101486,0.9638217182976998,0.5555555555555556
1msl,blosum62_fitness_auc_pr,30,0.7085417821412646,GEPREPGESQMMWMNHIN,1.748608301255983,0.964574971169376,0.5694444444444444
1msl,blosum62_fitness_auc_pr,45,0.7056211627996548,GEPREPGESEMMWMNYIN,1.862027403273176,0.9584046454169214,0.5416666666666666
1msl,blosum62_fitness_auc_pr,60,0.702594538188631,GEPREPGESQMMWMTYIN,1.9202302381642324,0.9617053949810516,0.5416666666666666
1msl,blosum62_fitness_auc_pr,75,0.7000311243946865,GEPREPGENQMIWMHYMH,1.992025596756469,0.9570351337753518,0.5416666666666666
1msl,blosum62_fitness_auc_pr,90,0.6972871695662839,GEPREPGESQMMWMNYMN,1.9787118351657251,0.9603830316953164,0.5277777777777778
3sb1,blosum62_fitness_auc_pr,1,0.999108734402852,MPKWTWCAMYVVLIVQMAQM,0.6152669496649482,0.9948259073600058,0.9375
3sb1,blosum62_fitness_auc_pr,15,0.9942302279763578,MPKWQWCAMYIAFMVQMAQM,0.511436076208861,0.9962926882232496,0.9375
3sb1,blosum62_fitness_auc_pr,30,0.9926457558036504,MPKWEWCAVYIALIVQMAQM,0.5616740460547034,0.995665760776414,0.9375
3sb1,blosum62_fitness_auc_pr,45,0.9906208763300792,MPTWQWCFMYAAFMVQMAQM,0.5623541510261728,0.9955847186081936,0.925
3sb1,blosum62_fitness_auc_pr,60,0.9897732405354356,MPRWEWCAFYVALIVQMAQM,0.5551389744123525,0.9956301034936064,0.925
3sb1,blosum62_fitness_auc_pr,75,0.9889259963079357,MPKWEWCAMYIAMMVQMAQM,0.5606704250972339,0.9955748026457868,0.9375
3sb1,blosum62_fitness_auc_pr,90,0.9879947460206248,MPKWEWCAMYAAFIVQMAQM,0.5483806751687611,0.9958056130148732,0.925
1np6,blosum62_fitness_shannon_entropy,1,1.790701381490763,ELRKAGAKEYVIESEERWFIFSNHPED,5.504750834528542,0.7656499614638141,0.3611111111111111
1np6,blosum62_fitness_shannon_entropy,15,1.761300464886563,ELRKAGATEYIIEYDERWFIFTNHPDD,6.27193925227753,0.7303267140965917,0.2592592592592592
1np6,blosum62_fitness_shannon_entropy,30,1.7508680361475697,EVKKAGAKEYIVESEERWFIFTNYPDN,5.625708836523224,0.7722352786384591,0.2037037037037037
1np6,blosum62_fitness_shannon_entropy,45,1.7508680361475697,HLKKAGAQEYIVETEERWFIFSNYPDD,6.254469951069261,0.751311266705551,0.2407407407407407
1np6,blosum62_fitness_shannon_entropy,60,1.7351264569629228,ELKKAGAKEYIIESEERWFIFTHYPDD,6.319332226107281,0.7394398414678038,0.2685185185185185
1np6,blosum62_fitness_shannon_entropy,75,1.7351264569629228,YLKKAGATEYIIETDERWFIFSNYPND,3.464732891148055,0.8675612280520804,0.4351851851851852
1np6,blosum62_fitness_shannon_entropy,90,1.7199775850135617,ELKSAGAKEYIVESEERWFIFRNEPDD,6.055012486012084,0.7559091105957989,0.2592592592592592
1lql,blosum62_fitness_auc_pr,1,0.982920819490587,SSSIYIWPDDQNNCYMMTNNGQIKLT,1.087845007144524,0.9844063857812136,0.7403846153846154
1lql,blosum62_fitness_auc_pr,15,0.9811029753003664,SSSIYIWPDQNNNCYMMTNNGQVKFS,1.1583949305624366,0.9828380972302598,0.7211538461538461
1lql,blosum62_fitness_auc_pr,30,0.9804803991803988,SSSIYMFPDQNNNCYMMTNNGQFKFT,1.1380653514841643,0.9828316269271348,0.8076923076923077
1lql,blosum62_fitness_auc_pr,45,0.9801452785905668,SSSIYVWPDQNNNCYMMTNNGQVKFT,1.0683664716921992,0.9847871401296234,0.75
1lql,blosum62_fitness_auc_pr,60,0.9795991758790272,SSSINIWPDDQNNCYMMTNNGQVKFT,1.4776843723999329,0.9685125320100804,0.6730769230769231
1lql,blosum62_fitness_auc_pr,75,0.979292247467958,SSSIYVFPDQNNNCYMMTNNGQFKFS,1.1054427703479195,0.9833507563300607,0.8076923076923077
1lql,blosum62_fitness_auc_pr,90,0.9788617531914632,SSSVNVWPDDNNNCYMMTNNGQVKFT,1.4858910563794925,0.9684942473358248,0.6826923076923077
1aay,blosum62_fitness_shannon_entropy,1,2.100287596570297,DPFHARLCCRSFTEPNHATHMNTHTM,6.050025518510365,0.5979193555682055,0.2403846153846154
1aay,blosum62_fitness_shannon_entropy,15,2.071207426557584,DPFHARLCCRSFTQPNHVTHMNTHTL,11.2430082237125,0.5106133329495767,0.1153846153846153
1aay,blosum62_fitness_shannon_entropy,30,2.071207426557584,DPFHASICCRSFTQPNHATHMNTHTM,1.920783926921899,0.9036953229781316,0.7403846153846154
1aay,blosum62_fitness_shannon_entropy,45,2.071207426557584,DPFTARLCCRSFTQPNHATHMNTHTI,14.83573791457117,0.5476866196082751,0.0673076923076923
1aay,blosum62_fitness_shannon_entropy,60,2.071207426557584,DPFHARLCCRSFTQPNHATHMNTHTV,11.965972481417436,0.5439537332774245,0.0769230769230769
1aay,blosum62_fitness_shannon_entropy,75,2.071207426557584,DPFRASVCCRSFTQPNHATHMNTHTM,1.956910031728628,0.8998662482194608,0.7211538461538461
1aay,blosum62_fitness_shannon_entropy,90,2.071207426557584,DPFSARFCCRSFTQINHATHMNTHTV,8.004977851094981,0.502922491159094,0.1153846153846153
1f2i,blosum62_fitness_auc_pr,1,0.8042543623740614,KPYDCGWTSCRTFTKKDHLKRSFHIQEM,5.81115925905884,0.6050059116133191,0.2321428571428571
1f2i,blosum62_fitness_auc_pr,15,0.7967660268773076,KPYDCGWTSCRSFDKKDHLKRSFDIREM,6.190184990528328,0.6254872789018795,0.2321428571428571
1f2i,blosum62_fitness_auc_pr,30,0.7956984040943872,KPYDCCFTQCRTFDKKDHLKRSFDIREM,5.845427424557212,0.6315132343678133,0.25
1f2i,blosum62_fitness_auc_pr,45,0.7950128219917186,KPYDCCFTNCRSFSKKDHLKRSFHIQEM,8.858277889300313,0.5422284549232375,0.1160714285714285
1f2i,blosum62_fitness_auc_pr,60,0.7940814981237659,KWYDCCFTSCRSFSKKDHLKRSFDIREM,5.702046487932581,0.6184641078275717,0.2321428571428571
1f2i,blosum62_fitness_auc_pr,75,0.7934161666355025,TIYDCGWRSCRSFSKKDHLKRSFDIQEM,6.86840433820897,0.5869997900954431,0.2321428571428571
1f2i,blosum62_fitness_auc_pr,90,0.7928595931629874,TPYTCGFTTCRSFSKKDHLKRSFDIREM,12.908119448335624,0.3720078085431072,0.0892857142857142
2oar,blosum62_fitness_shannon_entropy,1,1.9254081650860664,TYAFIVREVRKWLKERK,0.4046597638865495,0.9975170409689608,0.9705882352941176
2oar,blosum62_fitness_shannon_entropy,15,1.905420043110137,TYVFIVREIQKWLKSRK,0.3395210085549906,0.9983686153513348,1.0
2oar,blosum62_fitness_shannon_entropy,30,1.905420043110137,TYVFIIREIQKWWERNK,0.4772486683924233,0.9964085395363732,0.9705882352941176
2oar,blosum62_fitness_shannon_entropy,45,1.905420043110137,TYVFIVREIQKWWERNK,0.4736013435166997,0.99643637996893,0.9705882352941176
2oar,blosum62_fitness_shannon_entropy,60,1.905420043110137,TYFLIVREIQKWLKRNK,0.4923307004474706,0.9975790851607036,0.9705882352941176
2oar,blosum62_fitness_shannon_entropy,75,1.905420043110137,TYVFIVREIQKWLKKQK,0.3471146946194596,0.998340871668386,1.0
2oar,blosum62_fitness_shannon_entropy,90,1.905420043110137,YYVFIAREIQKWLKKHK,0.4347342843475703,0.9965286603303536,0.9558823529411764
2prt,blosum62_fitness_shannon_entropy,1,2.193976686613627,FNPGKPNTCRQEFAYMDHMRKHDNTHTG,5.069785105785465,0.5222139239124228,0.3125
2prt,blosum62_fitness_shannon_entropy,15,2.164326958310618,ANPGKPNTCKQEFARADHMRSHDNTHTW,7.268999528799703,0.5848442498365535,0.2410714285714285
2prt,blosum62_fitness_shannon_entropy,30,2.164326958310618,ANPGKPNTCRQEFAYADHMKKHDNTHTG,7.147407569516624,0.5537091492741283,0.2589285714285714
2prt,blosum62_fitness_shannon_entropy,45,2.164326958310618,PNPGKPNTCQQEFARMDHARKHDNTHTG,8.273064895322266,0.5858216771114165,0.1160714285714285
2prt,blosum62_fitness_shannon_entropy,60,2.164326958310618,ANPGKPNTCQQEFARMDHMRTHDNTHTG,6.6213362840735766,0.5770188371351634,0.2767857142857143
2prt,blosum62_fitness_shannon_entropy,75,2.164326958310618,ANPGKPNTCQQEFARMDRMRKHDNTHTG,8.156289182816145,0.5799434617684847,0.0714285714285714
2prt,blosum62_fitness_shannon_entropy,90,2.164326958310618,ATPGKPNTCRQEFARADHMRKHDNTHTW,8.378671268521423,0.5958716239141371,0.0535714285714285
1r5l,blosum62_fitness_shannon_entropy,1,1.4008050948518662,CTPKPEIDFSFGWLW,6.071688414948243,0.8645420724525389,0.2333333333333333
1r5l,blosum62_fitness_shannon_entropy,15,1.4008050948518662,CQPKPKADFSFGWLF,6.465707760890026,0.8575691291274263,0.2666666666666666
1r5l,blosum62_fitness_shannon_entropy,30,1.4008050948518662,CEPKPKANFSFGMLW,7.594625960871213,0.8715993433894447,0.1666666666666666
1r5l,blosum62_fitness_shannon_entropy,45,1.4008050948518662,CQPKPKAEFSFGWLW,6.590410106756668,0.8603727204681308,0.2
1r5l,blosum62_fitness_shannon_entropy,60,1.4008050948518662,CEPKPKADFTFGWLW,6.46135415620148,0.8690324365093464,0.1999999999999999
1r5l,blosum62_fitness_shannon_entropy,75,1.4008050948518662,CEPKPKMNFSFGFLW,7.702133560077201,0.8696059293897107,0.2166666666666666
1r5l,blosum62_fitness_shannon_entropy,90,1.4008050948518662,CTPKPKAEFSFGGLF,8.491090563286393,0.8691874704033555,0.2333333333333333
1lql,blosum62_fitness_shannon_entropy,1,1.877815561648401,TGHVTVCVNQDNSLTMWTSDGNLTLH,0.9466714975899226,0.9877300031793682,0.7980769230769231
1lql,blosum62_fitness_shannon_entropy,15,1.8539127289736457,KGHVTVCMNRDNELSVWTEDGQLTLS,2.0722167930140736,0.9387606823927556,0.6730769230769231
1lql,blosum62_fitness_shannon_entropy,30,1.8539127289736452,SGHMTVCMNQDNSLTVWTSNGDLTLH,0.9661275675673257,0.986579240806004,0.7980769230769231
1lql,blosum62_fitness_shannon_entropy,45,1.8539127289736452,SGHVTVCMNQDDSLTVWTSDGNLTLH,0.9243682106501004,0.987811185591284,0.8173076923076923
1lql,blosum62_fitness_shannon_entropy,60,1.8539127289736452,HGHVTVCMNNDDSLTVWTEDGNLTLH,0.9155326448682716,0.9880527868949118,0.8173076923076923
1lql,blosum62_fitness_shannon_entropy,75,1.8419591121715817,SGHMEVCINRDNSLTVWTEDGNLTLS,0.9077685422165848,0.9882020919403144,0.826923076923077
1lql,blosum62_fitness_shannon_entropy,90,1.8390172555120063,SGHMTVCLNRDNSLTVWTSDGDLTLN,0.9262872748655058,0.9876812129053452,0.8076923076923077
3e7r,blosum62_fitness_auc_pr,1,0.8375085854218441,TEAECQKNCYAIKGAKGGDCVYPGEACDIR,3.4021850936570828,0.7290900480435151,0.4833333333333333
3e7r,blosum62_fitness_auc_pr,15,0.8353791361008838,TEADCQKNCEPIKGAKGGDCAYPGEACNIR,3.768178960854845,0.6342617755497766,0.35
3e7r,blosum62_fitness_auc_pr,30,0.8346401282090853,TEADCQKNCDPIKGAKGGDCAYPGEACKVR,4.487037615471954,0.4749241189266202,0.2083333333333333
3e7r,blosum62_fitness_auc_pr,45,0.8340424397910959,TEADCQKNCEPIKGAKGGNCVYPGEACDIR,3.850818475563784,0.6471174858029539,0.25
3e7r,blosum62_fitness_auc_pr,60,0.8334000485921988,TEADCQKSCDPIKGAKGGDCVYPGEACDIR,3.779909133041407,0.7215764786075253,0.3416666666666667
3e7r,blosum62_fitness_auc_pr,75,0.83314975876043,TEADCQKNCDPLKGAKGGDCVYPGEACQIR,3.4805588269703343,0.7146798780254835,0.475
3e7r,blosum62_fitness_auc_pr,90,0.8326682662848107,TEADCQKNCDPIKGAKGGDCVYPGEACNMR,4.347090777364487,0.5533618296528178,0.275
2qiw,blosum62_fitness_shannon_entropy,1,1.895419547616808,PWWQYVLAFYIGKEWKAGK,0.9719942555877972,0.9860862369478628,0.8157894736842105
2qiw,blosum62_fitness_shannon_entropy,15,1.895419547616808,PWWEYVLAFYIGREWKAGK,1.013969501414595,0.9850188375349862,0.8026315789473684
2qiw,blosum62_fitness_shannon_entropy,30,1.895419547616808,MWWEYIILFYVLSEWKAGK,1.1503586679696265,0.9806906533536812,0.7236842105263157
2qiw,blosum62_fitness_shannon_entropy,45,1.895419547616808,MWWQYIILFYIASEWKAGK,1.186408808077616,0.9791666162909288,0.7236842105263157
2qiw,blosum62_fitness_shannon_entropy,60,1.895419547616808,PWWYYILAFYIGKEWKAWK,0.9926400991170636,0.987177926224542,0.8026315789473684
2qiw,blosum62_fitness_shannon_entropy,75,1.895419547616808,PWWYTIIAFYIGKDWKAGK,0.9718784754876364,0.9858760933582802,0.8026315789473684
2qiw,blosum62_fitness_shannon_entropy,90,1.895419547616808,PWWYTIIAFYIGEHWKMGK,1.020563734702702,0.9860226671887974,0.763157894736842
2lkm,blosum62_fitness_shannon_entropy,1,1.7930940134110525,PKWRKVFDMVIWWAMRK,0.765012000070745,0.9892293202628016,0.8235294117647058
2lkm,blosum62_fitness_shannon_entropy,15,1.7930940134110525,PRWKKVFDLVIWWAMRK,0.7385447850735019,0.9894413040056108,0.8676470588235294
2lkm,blosum62_fitness_shannon_entropy,30,1.7587485566121712,PKWKKVFDMIMMAAMKK,0.9351291275687204,0.983079480326774,0.8676470588235294
2lkm,blosum62_fitness_shannon_entropy,45,1.7587485566121712,PKWKKVFDMVMWAAMKK,0.880741957746526,0.9849933683624044,0.8529411764705883
2lkm,blosum62_fitness_shannon_entropy,60,1.7587485566121712,PEWQKVFDMIMWWAMQK,0.7924976765514521,0.988034064716292,0.8676470588235294
2lkm,blosum62_fitness_shannon_entropy,75,1.7587485566121712,PKARKVLDMIMWWAMRK,0.7645207789769081,0.9887609690576232,0.8529411764705883
2lkm,blosum62_fitness_shannon_entropy,90,1.7587485566121712,PKWRKVFDVVLWWAMRK,0.6772654823215161,0.9914828470098446,0.8529411764705883
3ewk,blosum62_fitness_shannon_entropy,1,1.9254081650860664,KRAEAKAWKAQEAMDGS,0.8704763873241924,0.991999843033726,0.9558823529411764
3ewk,blosum62_fitness_shannon_entropy,15,1.9254081650860664,KRAEAKAWKAQEAMDGQ,0.5104722235929442,0.9970765714422708,0.9852941176470588
3ewk,blosum62_fitness_shannon_entropy,30,1.9254081650860664,QRAEAKAMKAQEAMDGT,0.8463713822619465,0.9933386660354714,0.9558823529411764
3ewk,blosum62_fitness_shannon_entropy,45,1.891062708287185,DRAEAKAAKAQEAMDAQ,0.4372334650513544,0.9965317362838186,0.9852941176470588
3ewk,blosum62_fitness_shannon_entropy,60,1.891062708287185,QRAEAKAAKAQEAMTGH,0.8342993017259347,0.988002245861242,0.7941176470588236
3ewk,blosum62_fitness_shannon_entropy,75,1.891062708287185,KRAEAKAAKAQEAMKGQ,0.4899416482402195,0.9966579527682584,0.9705882352941176
3ewk,blosum62_fitness_shannon_entropy,90,1.891062708287185,KRAEAKAWKAQECMSGT,1.3981916155637837,0.9817457426774024,0.8970588235294117
1emn,blosum62_fitness_auc_pr,1,0.9313090508128006,AKCIESDFDHHCECPFGIICPFNDCIE,1.5724467061313514,0.970647680689818,0.6111111111111112
1emn,blosum62_fitness_auc_pr,15,0.9286214556121956,AKCIESDFHHHCECPIGIICPFNDCVE,2.1816779660035746,0.943554179215319,0.4907407407407407
1emn,blosum62_fitness_auc_pr,30,0.9272330658022632,AECIESDFDHHCECPFGIICPFNDCIE,1.6839912745438546,0.9670990375143788,0.6018518518518519
1emn,blosum62_fitness_auc_pr,45,0.9263871942787018,AKCVESDFDHHCQCPFGIICPGNDCME,1.746319215838837,0.9667156939672472,0.6111111111111112
1emn,blosum62_fitness_auc_pr,60,0.9256958063014314,AKCIQSDIHHECECPFGIICPFNDCIE,2.32294829670856,0.9274030567807044,0.4722222222222222
1emn,blosum62_fitness_auc_pr,75,0.9252605416375328,AKCIQSDFHHHCECPIGIICPFNDCVE,4.431785603128824,0.6755193017859034,0.3981481481481481
1emn,blosum62_fitness_auc_pr,90,0.92485447945957,AKCIESDFDHHCECPWGVICPFNDCIE,1.9483924848981136,0.9486080832872136,0.5092592592592593
4gzn,blosum62_fitness_auc_pr,1,0.780559139726059,EDPYYCKACGKEHKTTSGFSRSSRFHFF,8.463876825399577,0.6968967747852063,0.1964285714285714
4gzn,blosum62_fitness_auc_pr,15,0.7771113992667978,KDPYYCKACGKQHTTTSGVSRSSRFHFF,9.207633181087555,0.6270472325089747,0.1517857142857142
4gzn,blosum62_fitness_auc_pr,30,0.7754353122254708,DDPYYCKACGKQHKTTSGVSRSSRFHFF,8.833071054776712,0.6794279955978699,0.2053571428571428
4gzn,blosum62_fitness_auc_pr,45,0.7742652021764811,EDPYYCQACGKKHKTNTGFSRSSRFHFF,8.094278401138189,0.7006529061966811,0.2053571428571428
4gzn,blosum62_fitness_auc_pr,60,0.773498529893123,EDPYYCKACGKTHKTTSGFDRSSRFHFF,0.9388742472305428,0.9792424536180702,0.8035714285714286
4gzn,blosum62_fitness_auc_pr,75,0.7728227604385945,NDPYYCKACGKQHKTNTGVSRSSRFHFF,8.197428322058075,0.6755729569238966,0.1964285714285714
4gzn,blosum62_fitness_auc_pr,90,0.7723895604245892,DDPYYCKACGKEHKTRTGFSRSSRFHFF,9.096870881554024,0.6661806317516814,0.1517857142857142
1p9n,blosum62_fitness_auc_pr,1,0.7882415286434291,DLDDIQRWGAKRTIVLNDYHWWWEDTPND,10.244671265631869,0.3635661892448917,0.0344827586206896
1p9n,blosum62_fitness_auc_pr,15,0.7803506857652437,DWDELQRWGAKRTIILNDYHWWVEDTPED,12.03764603012297,0.3911977748778347,0.0172413793103448
1p9n,blosum62_fitness_auc_pr,30,0.7775930487113287,DWDELQRWGAKRTIILNDYHWWVEDQPND,10.144154814104525,0.3683953582221944,0.0344827586206896
1p9n,blosum62_fitness_auc_pr,45,0.7761349672110335,DLDEIQRWGAKRTIVLNDYHWFVEDTPND,19.091260322747445,0.387238944832598,0.0344827586206896
1p9n,blosum62_fitness_auc_pr,60,0.774980779532086,DLDEIQKWGAKRTVVLNDEHWFVEDTPND,6.982415490666794,0.6296510965272427,0.1379310344827586
1p9n,blosum62_fitness_auc_pr,75,0.7738753351643229,DLDEIQRWGAKRTIVFNDYHWFVEDTPND,6.988221517089858,0.6337260593544354,0.146551724137931
1p9n,blosum62_fitness_auc_pr,90,0.7730815855210148,DLDELQKWGAKRTVILNDRHWFVEDTPND,4.644830308582221,0.7775482248419148,0.2327586206896551
3c8v,blosum62_fitness_auc_pr,1,0.9839076246334312,WCWFFEIFKNYMEDWWEHD,0.7964681138275681,0.9920819643723068,0.8947368421052632
3c8v,blosum62_fitness_auc_pr,15,0.9729971254341852,WCWFFNIFKEYMEDWWEHD,0.8270273605268629,0.9911823679738528,0.881578947368421
3c8v,blosum62_fitness_auc_pr,30,0.9702631011891436,WCWFFEIFKQYMEDWWEND,0.7655108402196732,0.9922020748653156,0.9078947368421052
3c8v,blosum62_fitness_auc_pr,45,0.9679852741042024,WCWFFEIFKNYMEDWWKKD,0.8045317022626448,0.991910805546436,0.9078947368421052
3c8v,blosum62_fitness_auc_pr,60,0.9665263892571838,WCWFFNIFKEYMEEWWEKD,0.850673076618965,0.9911181481886312,0.868421052631579
3c8v,blosum62_fitness_auc_pr,75,0.9651491986318644,WCWFFEIFKEYMEEWWEND,0.8296546021807775,0.9909048741813892,0.868421052631579
3c8v,blosum62_fitness_auc_pr,90,0.9641716769617432,WCWFFEIFKNYMQDWWEQD,0.8218866252185795,0.9921905805054844,0.8947368421052632
1np6,blosum62_fitness_auc_pr,1,0.899782984187875,ELREAGAVKTIIYNEDHWWIWEDNPND,5.944959350733615,0.7518587944402105,0.2685185185185185
1np6,blosum62_fitness_auc_pr,15,0.8960878078074644,ELRKAGAVKTIIYNEDHWWLWEDNPND,6.060719061441819,0.7557812251127848,0.287037037037037
1np6,blosum62_fitness_auc_pr,30,0.8932872215225156,ELRKAGAVKTIIYNDDHWWLWEDNPNE,5.99148334372087,0.7561235725385869,0.3055555555555555
1np6,blosum62_fitness_auc_pr,45,0.8922310120376764,ELREAGAVKTIIYNQDHWWVWEDNPND,6.044111689264067,0.7463892573116917,0.2685185185185185
1np6,blosum62_fitness_auc_pr,60,0.8913055234514982,ELREAGAVKTIIYNEDHWWVWEDNPDE,5.810874785913416,0.7644594150704691,0.2777777777777778
1np6,blosum62_fitness_auc_pr,75,0.8907137818640624,DLREAGAIKTIIYNEDHWWVWEDNPND,4.812755410911781,0.8119320880442076,0.2685185185185185
1np6,blosum62_fitness_auc_pr,90,0.8898742214998311,EMREAGAIKTIIYNDDHWWVWEDNPNE,6.766593914496459,0.7250929171382694,0.2777777777777778
1s7m,blosum62_fitness_shannon_entropy,1,1.8863397941598588,DVKYKVFDGWNATLTTVDGKKHINIDGE,2.467386668196825,0.9228268435422156,0.5178571428571429
1s7m,blosum62_fitness_shannon_entropy,15,1.8863397941598588,QVKYRVFDGWNATVTTINGQKHIDIDGE,2.543218779820112,0.9185484206096916,0.4821428571428571
1s7m,blosum62_fitness_shannon_entropy,30,1.8863397941598588,QVKYRVFDGWNATVTTINGRKHIDINGE,2.538899592377529,0.9184646486926238,0.4910714285714286
1s7m,blosum62_fitness_shannon_entropy,45,1.8749811077268688,QVKYKVFDGWNATLTTINGQKHIEIDGE,2.5669627770402816,0.9173551514443138,0.5
1s7m,blosum62_fitness_shannon_entropy,60,1.8749811077268688,DVKYKVFDGWNATLTTVNGKKHINIDGE,2.4964428030005377,0.9212098649140538,0.5089285714285714
1s7m,blosum62_fitness_shannon_entropy,75,1.8749811077268688,DVKYKVFDGWNATLTTVNGRKHIDINGE,2.4841751641058094,0.9218268334979386,0.5178571428571429
1s7m,blosum62_fitness_shannon_entropy,90,1.8749811077268688,DVKYRVFDGWNATLTTVNGKKHIDINGE,2.435999174989962,0.9244832513406586,0.5089285714285714
2oar,blosum62_fitness_auc_pr,1,0.9929053045719708,HTIFIIYEIREMWRERR,0.3957459407786023,0.9974308593548682,1.0
2oar,blosum62_fitness_auc_pr,15,0.9849765105932088,HTVWIVYQIREIWEKRK,0.5015727685796486,0.9959934553956052,0.9705882352941176
2oar,blosum62_fitness_auc_pr,30,0.9815322719703928,TTIWIIYEIREWWDERR,0.4467088606090538,0.9970636718860236,1.0
2oar,blosum62_fitness_auc_pr,45,0.9797019241463684,STIWIIYEIREIWRERK,0.5112926694181193,0.9972682021095888,0.9852941176470588
2oar,blosum62_fitness_auc_pr,60,0.9782774227218672,RTIFIIYEIREIWRDRK,0.3840857104753589,0.9982467161693372,1.0
2oar,blosum62_fitness_auc_pr,75,0.9767627886089684,TTICIIYEIREIWDKRK,0.3872732445414704,0.9982473719818376,1.0
2oar,blosum62_fitness_auc_pr,90,0.9755059180099436,YTIFIIYEIREWWDRRK,0.3822270054463104,0.998374781961577,0.9852941176470588
2lkm,blosum62_fitness_auc_pr,1,1.0000000000000002,MEMQQMFQMAMMFAMYE,0.7986533717000623,0.9876556731864076,0.7941176470588235
2lkm,blosum62_fitness_auc_pr,15,0.994114285714286,MEMQQMMQMFFMFFMSQ,0.7832557744287102,0.9884617925000247,0.8235294117647058
2lkm,blosum62_fitness_auc_pr,30,0.9922934472934472,MEMQQMFNMAMMFAMYE,0.8034903481230143,0.9874942207033806,0.7941176470588235
2lkm,blosum62_fitness_auc_pr,45,0.991216091954023,MEMQQMFNMFVMFMMSQ,0.7699267067537545,0.9886661932660274,0.8676470588235294
2lkm,blosum62_fitness_auc_pr,60,0.9897327976371456,MEMQQMFNMFMMFAMQN,0.7945192445763974,0.988577368596137,0.8676470588235294
2lkm,blosum62_fitness_auc_pr,75,0.9888888888888888,MEMNQMFQMMFMFCMSQ,1.123328719913557,0.9758698368751608,0.8676470588235294
2lkm,blosum62_fitness_auc_pr,90,0.987777777777778,MNMNQMFQMAMMFAMYE,1.3944934664759716,0.9643374138657372,0.8676470588235294
3w68,blosum62_fitness_auc_pr,1,1.0,CYPPPRPNMNGMVGG,4.893798103145606,0.9005022679316352,0.3666666666666667
3w68,blosum62_fitness_auc_pr,15,0.9513888888888888,CHPPPQPDMNGMIGW,4.730206954207349,0.5347258184470247,0.3166666666666666
3w68,blosum62_fitness_auc_pr,30,0.94320987654321,FHPPPYLDMNGMCGM,4.230242292029302,0.6176411497848455,0.2833333333333333
3w68,blosum62_fitness_auc_pr,45,0.9388888888888888,FHPPPQPDMDGMIGM,3.298256206786077,0.8895185142235981,0.45
3w68,blosum62_fitness_auc_pr,60,0.9365079365079364,FHPPPRPNMNGMCGM,4.031893499206651,0.9005103616182875,0.3666666666666667
3w68,blosum62_fitness_auc_pr,75,0.9333333333333332,CHPPPQPYMNGMIGW,6.153077786865103,0.8901470003847508,0.2666666666666666
3w68,blosum62_fitness_auc_pr,90,0.9305555555555556,CNPPPQPQMNGMMGP,6.532024081855191,0.8936091929110416,0.2666666666666666
1llm,blosum62_fitness_shannon_entropy,1,1.9859437532451176,VDPFRCRLMPYTATKQNYMTHMHTHTGQR,1.9156186801238264,0.9301946263892338,0.6206896551724138
1llm,blosum62_fitness_shannon_entropy,15,1.9859437532451176,VDPFQCRLFPYSATRQNYMTHMHTHTGQR,1.7726167210538095,0.943318501732872,0.7155172413793103
1llm,blosum62_fitness_shannon_entropy,30,1.9859437532451176,VDPFSCRLFPYSATRQNYMSHMHTHTGQR,2.2570704911541597,0.9041867048108396,0.5258620689655172
1llm,blosum62_fitness_shannon_entropy,45,1.9859437532451176,VSPFECRLMPYSATRQNYMTHMHTHTGDR,1.8316236544455164,0.9414432106422704,0.6637931034482758
1llm,blosum62_fitness_shannon_entropy,60,1.9859437532451176,VNPFQCRLFPYSATRQNYMTHMHTHTGQR,1.8873538487820951,0.9384764620812768,0.6810344827586207
1llm,blosum62_fitness_shannon_entropy,75,1.9859437532451176,VDPFQCRLMPYSATRQNYMSHMHTHTGQK,1.983076713226442,0.9354377124749752,0.6551724137931034
1llm,blosum62_fitness_shannon_entropy,90,1.9790004727103976,LDPFYCRLCPYTATKQNYLTHMHTHTGQR,2.0123396268406384,0.9267974170083484,0.6379310344827587
2kxq,blosum62_fitness_auc_pr,1,0.9262309601723768,APQGWTQYDSEQGYAWYFTNNNGFQTYDDP,3.8653767675089994,0.7381911085900528,0.3666666666666667
2kxq,blosum62_fitness_auc_pr,15,0.9242254881456374,APEGWTQYYDETGYAFYMTNHNGMQSYDDP,1.0485469380921228,0.9785048458895172,0.8416666666666667
2kxq,blosum62_fitness_auc_pr,30,0.9236578548663488,APEGWTKSYSEEGYAWYMTNHNGMQSYDDP,1.182151928354428,0.973023672098235,0.75
2kxq,blosum62_fitness_auc_pr,45,0.923239329927127,APQGWTQYDSEQGYAWYFTNNNGFQSYDDP,3.890783823375085,0.7378202057447256,0.3666666666666667
2kxq,blosum62_fitness_auc_pr,60,0.92276075442342,APQGWTQYDSEQGYAWYFTNNNGMQTYDDP,1.308455946829597,0.966400035020572,0.7416666666666667
2kxq,blosum62_fitness_auc_pr,75,0.9223730188702872,APEGWTRYYNEEGYAWYMTNNNGMHSFDDP,3.398376090603809,0.7957007342849451,0.475
2kxq,blosum62_fitness_auc_pr,90,0.9221983486741904,APSGWTRYYSEEGYAWYMTNNNGMQTFDDP,1.179103631002263,0.9739779755733818,0.7166666666666667
5uiy,blosum62_fitness_shannon_entropy,1,2.0413452698399546,HNMIYQYVYMWLCNDQKKK,1.6092931264149708,0.9692278745821808,0.7236842105263158
5uiy,blosum62_fitness_shannon_entropy,15,2.02804676777597,KNMIYSYVYMWCCNDRKKK,1.683899185372186,0.9688552788084724,0.7236842105263158
5uiy,blosum62_fitness_shannon_entropy,30,2.0101626586396124,TIIIYRYVSIWFCNDRKKK,1.6678493292085688,0.96751043136749,0.7368421052631579
5uiy,blosum62_fitness_shannon_entropy,45,2.004761143487786,KIIMYIYVSFWLCNDRKKK,1.7246253335030066,0.9690647772927424,0.7105263157894737
5uiy,blosum62_fitness_shannon_entropy,60,2.004761143487786,HIIINIYLYMWLCNDRKKK,1.6985802844338989,0.9680749160555232,0.7105263157894737
5uiy,blosum62_fitness_shannon_entropy,75,2.004761143487786,HNMIYIYCSFWLCNDRKKK,1.5988216773183996,0.968276815423894,0.7368421052631579
5uiy,blosum62_fitness_shannon_entropy,90,2.004761143487786,QLIIYIYCSFWLCNDRKKK,1.649730142806316,0.9679627631838916,0.7236842105263158
1msl,blosum62_fitness_shannon_entropy,1,1.8724239912079024,MEPREPCEYNMCIIRTFH,2.2265874729597286,0.9331129558140496,0.5
1msl,blosum62_fitness_shannon_entropy,15,1.8368111479067395,MEPREPCEYNMCILYHFH,3.8017370172722975,0.8030015008055027,0.3472222222222222
1msl,blosum62_fitness_shannon_entropy,30,1.8368111479067395,MEPQEPCEYNMFIMYTLH,2.475043554818132,0.9430021999571372,0.4722222222222222
1msl,blosum62_fitness_shannon_entropy,45,1.8179334771516955,MEPREPCEYYMCIMYSCY,2.434128886368282,0.9197441603743224,0.4444444444444444
1msl,blosum62_fitness_shannon_entropy,60,1.8179334771516955,MEPREPCEYRMCIMYSFH,2.276715777642721,0.9298563252162372,0.4583333333333333
1msl,blosum62_fitness_shannon_entropy,75,1.8179334771516955,MEPREPCEYNMCIMYTCH,6.112426724389307,0.3806734896118061,0.1944444444444444
1msl,blosum62_fitness_shannon_entropy,90,1.8179334771516955,MEPREPFEYYMCIMYSCN,2.640657753950371,0.9052937359793578,0.3888888888888888
1f2i,blosum62_fitness_shannon_entropy,1,2.264772322085991,HGCKCAGNDCKRFHRTDHMTKHFNMHSG,6.299607532832256,0.5926609355636225,0.2232142857142857
1f2i,blosum62_fitness_shannon_entropy,15,2.264772322085991,HGCKCAGDDCKRFQRTDHLTKHFNMHSG,4.334236460709747,0.5628381499010148,0.375
1f2i,blosum62_fitness_shannon_entropy,30,2.264772322085991,DGCKCAGDDCKRFHRTDHLTKHFNMHSG,6.570880859985717,0.4870731371871732,0.1428571428571428
1f2i,blosum62_fitness_shannon_entropy,45,2.264772322085991,RGCKCAGRDCKRFKRTDQLTKHFNMHKG,6.858159936793123,0.4955489393739424,0.1517857142857143
1f2i,blosum62_fitness_shannon_entropy,60,2.264772322085991,KGCKCAGNNCKRFKRSDQLTKHFNVHRG,6.284998923514822,0.587669198445935,0.1875
1f2i,blosum62_fitness_shannon_entropy,75,2.264772322085991,RGCKCAGRDCKRFKRTDQLTKHFNVHKG,3.703002114920801,0.7248627531275076,0.4285714285714286
1f2i,blosum62_fitness_shannon_entropy,90,2.264772322085991,EGCKCAGRNCKRFKRTDQLNKHFNVHRG,6.402178180816244,0.5849613929495601,0.2142857142857142
1p9n,blosum62_fitness_shannon_entropy,1,1.4951051759545384,NAYNLRKMGAARTIFLSDERWAITERPDD,1.941263462350326,0.9530213631931372,0.646551724137931
1p9n,blosum62_fitness_shannon_entropy,15,1.4951051759545384,DAYNLRRMGAARTIFLSEERWAVTERPDD,2.003622718245336,0.9500364171872726,0.6379310344827586
1p9n,blosum62_fitness_shannon_entropy,30,1.4951051759545384,NAYNLERMGAAKTIFLSDERWAVTERPDD,21.67747762720997,0.3672397297745966,0.0172413793103448
1p9n,blosum62_fitness_shannon_entropy,45,1.4951051759545384,NAYNLRKMGAARTIFLSDERWAVTERPED,1.972235752907161,0.9514136321506212,0.6120689655172413
1p9n,blosum62_fitness_shannon_entropy,60,1.4951051759545384,DAYDLKRMGAARTIFLSDERWAVNYRPDD,2.312640791822579,0.9329890803113644,0.6120689655172413
1p9n,blosum62_fitness_shannon_entropy,75,1.4951051759545384,DAYDLRRMGAAKTIFLSDERWAITERPED,1.980230585513851,0.951152543486933,0.6379310344827587
1p9n,blosum62_fitness_shannon_entropy,90,1.4951051759545384,DAYNLQRMGAARTIFLSEERWAVTERPED,13.31635114119058,0.3913863726468078,0.0258620689655172
2qq8,blosum62_fitness_auc_pr,1,0.8627511060186508,YGQMDPAMYMSQYAAAHRK,4.490424801151212,0.7888792282192116,0.4342105263157895
2qq8,blosum62_fitness_auc_pr,15,0.8373447207132139,YGNMDPMMYMQQYAAAHKK,3.96671821163559,0.8189051801159459,0.4342105263157895
2qq8,blosum62_fitness_auc_pr,30,0.832958101275294,YGNMDPMMYMHQHMAANKR,3.900670613084052,0.7746822604137584,0.4342105263157895
2qq8,blosum62_fitness_auc_pr,45,0.83040424548021,YGQMNPMMYMHQYAAAHRK,5.1291215513308845,0.7633275732678073,0.3552631578947368
2qq8,blosum62_fitness_auc_pr,60,0.8271914106638386,YGNMDPMMYMHQYAAAHKR,3.9158261139606583,0.8079693233687818,0.4736842105263158
2qq8,blosum62_fitness_auc_pr,75,0.8262674344067019,YGQMDPAMYMTQYAAAQRK,4.660870494774089,0.7429293327519795,0.4078947368421052
2qq8,blosum62_fitness_auc_pr,90,0.8241628047083029,YGQMDPAMYMTQHMMANKR,4.090209150096787,0.7692404475122435,0.4210526315789473
2prt,blosum62_fitness_auc_pr,1,0.8099717629101004,ADPFDCYYCNKRFRRQDHIRNSNTDHYG,0.6891038082656297,0.9885007557544702,0.875
2prt,blosum62_fitness_auc_pr,15,0.8038211566704784,ADPFDCYYCQKSFRRKDHIRNSNTDHYG,0.7531863817547796,0.9860838971932644,0.8392857142857143
2prt,blosum62_fitness_auc_pr,30,0.8021164339170322,ADPFDCYYCNKSFRRQDHIRNSSTDHYG,0.7602465606916067,0.9860837445533936,0.875
2prt,blosum62_fitness_auc_pr,45,0.8013485390154662,AQPFDCYYCNKSFRRQDHIRNSNTDHYG,0.7023458688509124,0.9881776778749308,0.9196428571428572
2prt,blosum62_fitness_auc_pr,60,0.8008597196635022,ADPFDCYYCQKSFRRQDHIRDSSTDHYG,0.7540755918380662,0.9863594084311704,0.8928571428571429
2prt,blosum62_fitness_auc_pr,75,0.8004071856016833,ADPFDCYYCNKSFRRQEHIRNSNTDHYG,0.8001350290341193,0.9842685542381846,0.8303571428571429
2prt,blosum62_fitness_auc_pr,90,0.7999881581271031,ADPFDCHYCNKSFRRKDHISESNTDHYG,0.7712762621676486,0.985421490641422,0.8392857142857143
3ewk,blosum62_fitness_auc_pr,1,0.9162276809857116,EEAHEHIWKMKEWMERS,0.5179969519666322,0.9951327495521244,0.9705882352941176
3ewk,blosum62_fitness_auc_pr,15,0.9109076642994044,EEGHEHIWRMQEWMDKN,0.7223303331289078,0.9931671393717936,0.9705882352941176
3ewk,blosum62_fitness_auc_pr,30,0.9088917904833896,REAEEHIWKMNEWMDKH,0.4463244091722703,0.9963407152124268,0.9852941176470588
3ewk,blosum62_fitness_auc_pr,45,0.908210700405954,REAEEHIWKMREWMEQH,0.4987345165709655,0.9953418743549098,0.9852941176470588
3ewk,blosum62_fitness_auc_pr,60,0.9074187999959322,EEAHEHIWQMREWMERQ,0.4861404731843524,0.9957762562532776,0.9852941176470588
3ewk,blosum62_fitness_auc_pr,75,0.9064793171685844,REAEEHIWRMNEWMDKH,0.4540616961806782,0.9962373983983578,0.9852941176470588
3ewk,blosum62_fitness_auc_pr,90,0.905993154010836,EEAHEHIWRMREWMERQ,0.4818597557228041,0.9956998010464432,0.9852941176470588
2i13,blosum62_fitness_shannon_entropy,1,1.9595740114915936,QPYKCCYCGKESEKTGLNIHERSH,1.5437658278240214,0.9175955075068882,0.8229166666666666
2i13,blosum62_fitness_shannon_entropy,15,1.901811746444932,QPYKCCYCGKETTKTGVNIHERKH,1.506608058124948,0.922375114567794,0.8229166666666666
2i13,blosum62_fitness_shannon_entropy,30,1.901811746444932,QPYKCAYCGEESSKTGVSIHERKH,1.526275542196828,0.9185346947002914,0.78125
2i13,blosum62_fitness_shannon_entropy,45,1.901811746444932,QPYKCCYCGKESTHTGVNIHERKH,3.623366450381564,0.7072852317446692,0.40625
2i13,blosum62_fitness_shannon_entropy,60,1.901811746444932,QAYKCAYCGKENTSTGVSIHERKH,8.603653129341826,0.5233129527334295,0.1875
2i13,blosum62_fitness_shannon_entropy,75,1.901811746444932,QPYKCVYCGKENTQTGVSIHERKH,1.521403046996349,0.9220198458939308,0.8020833333333334
2i13,blosum62_fitness_shannon_entropy,90,1.901811746444932,QAYQCVYCGKENTKTGVSIHERKH,3.443807764289084,0.7716020201820575,0.4270833333333333
1o6w,blosum62_fitness_auc_pr,1,0.9955044433047918,WREGYSWNGQFYYFKDFYTEPSWNDP,10.756639332634682,0.5436560747148445,0.1057692307692307
1o6w,blosum62_fitness_auc_pr,15,0.988829398625788,WKEGYNWNGQFYYFKDMYTEPSWNDP,10.104229803037082,0.5461464540272145,0.1346153846153846
1o6w,blosum62_fitness_auc_pr,30,0.9879986764320376,WRDGYSWNGELYYVRDMSSKPSWNDP,9.25820229793933,0.5335872284560961,0.1538461538461538
1o6w,blosum62_fitness_auc_pr,45,0.9870636923847962,WREGYSWNGQFYYCRNLYSEPSWNDP,9.951088886397145,0.5662098327725383,0.0961538461538461
1o6w,blosum62_fitness_auc_pr,60,0.9865939478236015,WREGYSWNGQFYYFKDMYTEPSWDDP,10.38623423045098,0.54449060133612,0.1346153846153846
1o6w,blosum62_fitness_auc_pr,75,0.9863077420408476,WRDGYDWNGQFYYFKDFYTEPSWNDP,10.787983977948034,0.5456766190264976,0.1153846153846153
1o6w,blosum62_fitness_auc_pr,90,0.9858029336995868,WKDGYDWNGQFYYVRDLSSKPSWNDP,9.319189772201067,0.5761124782410554,0.1634615384615384
1o6w,blosum62_fitness_shannon_entropy,1,1.7979313508904975,WSYAYDHPGEGWYYNHVTQKNTEHEP,7.913467201300206,0.3682389515156626,0.1442307692307692
1o6w,blosum62_fitness_shannon_entropy,15,1.785977734088434,WTYAYDQPGYGWYYNHVTKKNQSHEP,9.732594290850088,0.2678023271311473,0.1153846153846153
1o6w,blosum62_fitness_shannon_entropy,30,1.785977734088434,WTYAKDHPGNGWYRNHVTKKNSTDEP,11.90608219842671,0.2610489751015764,0.0865384615384615
1o6w,blosum62_fitness_shannon_entropy,45,1.785977734088434,WSYAYDHPGEGWYYNHVTQKNSTHEP,8.814559447568184,0.331984072754402,0.1442307692307692
1o6w,blosum62_fitness_shannon_entropy,60,1.785977734088434,WSYAYDHPGYGWYYNHVTKKTNEDEP,7.79533282133074,0.3542887306308626,0.1442307692307692
1o6w,blosum62_fitness_shannon_entropy,75,1.785977734088434,WTYAYDRPGYGWYYNHVTEENTSHEP,7.6913188031077215,0.3340203314080953,0.1346153846153846
1o6w,blosum62_fitness_shannon_entropy,90,1.7782333057997073,WKYATDHPGYGWYYNHLTKKNTSHEP,8.965027759033768,0.2899340135465372,0.125
1aay,blosum62_fitness_auc_pr,1,0.8298632838205219,KPYQCQGGPKSYKNSSHIKYMHTHTP,10.52504329966308,0.4259393823258827,0.1442307692307692
1aay,blosum62_fitness_auc_pr,15,0.8183102306023127,RPYQCHGGPKSYKNSNHVKYMHTHTF,12.50460520449987,0.4653404738045023,0.0673076923076923
1aay,blosum62_fitness_auc_pr,30,0.8164581101457405,QPYQCDGGPKSYKNSNHVKYMHTHTL,13.857352061746209,0.4655421475699848,0.0865384615384615
1aay,blosum62_fitness_auc_pr,45,0.815181721765357,KPYQCEGGPKSYKNSSHIKYMHTHTF,11.92306908748714,0.4594059046717629,0.1057692307692307
1aay,blosum62_fitness_auc_pr,60,0.813658557229312,KPYKCQGGPKSYQNSNHVKYMHTHTL,12.680658395302093,0.4591938900957893,0.0673076923076923
1aay,blosum62_fitness_auc_pr,75,0.8126872092019314,KPYQCQGGPKSYKNSSHIKYMHTHTL,11.740620002314731,0.4414961198361589,0.1057692307692307
1aay,blosum62_fitness_auc_pr,90,0.8111735443635082,KPYQCQGGPKSYQNSNHVKYMHTHTF,11.911309529447484,0.4541172886055568,0.0769230769230769
3h25,blosum62_fitness_shannon_entropy,1,1.8866967846580789,CPFCMKNAGEQAQQAQEKKK,1.0844921854212333,0.988080303287291,0.9125
3h25,blosum62_fitness_shannon_entropy,15,1.8740632076972927,CPFCMKNAGEQAQQANQSKK,0.8455933344574312,0.9918615702701342,0.925
3h25,blosum62_fitness_shannon_entropy,30,1.8740632076972927,CPWAMQYMAQQAQQANQDKK,0.9265419341240484,0.9911946263055258,0.925
3h25,blosum62_fitness_shannon_entropy,45,1.8740632076972927,CPFVMYQMAQQAQQANQSKK,0.8369334050547061,0.9918576284242908,0.925
3h25,blosum62_fitness_shannon_entropy,60,1.8493771999041408,MPAMMNQWGQQAQQAQQNKK,1.037065650402376,0.9874339217396088,0.8999999999999999
3h25,blosum62_fitness_shannon_entropy,75,1.8493771999041408,CPFCMKNAGQQAEQAQQNKK,0.8754668703634629,0.9916948544223176,0.925
3h25,blosum62_fitness_shannon_entropy,90,1.8493771999041408,CPFCMKNWAQQAQQANQDKK,0.9344517470040204,0.989831359425613,0.8875
2e45,blosum62_fitness_shannon_entropy,1,1.905039791152142,GWVKVYDSAMYGYWHVPSGQTQY,8.056999202400938,0.5195109315780828,0.2717391304347826
2e45,blosum62_fitness_shannon_entropy,15,1.905039791152142,AWVRVYDQAGYGYWHIPSGTSQY,8.332230139165953,0.5571603232741491,0.2608695652173913
2e45,blosum62_fitness_shannon_entropy,30,1.8962852200431464,GWARVQHSRGTGYWHIPSGTQQY,0.810611601652764,0.9873560045361164,0.8804347826086957
2e45,blosum62_fitness_shannon_entropy,45,1.8962852200431464,GWVRVQRTAGYGYWHVPSGTTQY,0.7080532650163224,0.9890206161689374,0.9130434782608696
2e45,blosum62_fitness_shannon_entropy,60,1.8962852200431464,GWVKVYDSAGYGYWHLPSGTTQY,0.6420085092827149,0.990567391588816,0.9239130434782608
2e45,blosum62_fitness_shannon_entropy,75,1.8962852200431464,LWARVYDSAGYGYWHIPSGTSQY,8.418660566416762,0.5396052484688474,0.25
2e45,blosum62_fitness_shannon_entropy,90,1.8962852200431464,GWARVQHQAGYGYWHIPSGTTQY,0.7542977556386882,0.9878575045050126,0.9130434782608696
1aay,random,1,,CKIEEGPLWRQLSRGQWMFRFYNKFQ,8.240256617168205,0.4922055591093734,0.0769230769230769
1aay,random,15,,QWLHYDCLKMLITASRDWMMVHDEPL,8.703038145357539,0.5227668634206759,0.0865384615384615
1aay,random,30,,EDLWRIGVDCSQRSEWGEKMSQAVYN,8.21043526957987,0.4960897203319482,0.1346153846153846
1aay,random,45,,TECDDVCGAQVMQNSNRLARFYNFLS,7.414990120214386,0.5148802585952692,0.1442307692307692
1aay,random,60,,NCQRNSTRQNMFSACYFYTIAMRIWD,8.297196253314675,0.4928390720679992,0.1153846153846153
1aay,random,75,,MGSCFMIGAASWHASPRVHPNGTHGE,12.36781415827301,0.5447799881996571,0.0576923076923076
1aay,random,90,,VNQFKMMGNFIYAHGALPWYAMAMVD,7.99003550357344,0.4965276524256162,0.125
3clq,random,1,,WTTIACVFYMDDKPHKWNGLYV,2.946997822220464,0.9389486449154464,0.4431818181818182
3clq,random,15,,HTDISNLKRMVMHDASRQVTDA,1.220434933219137,0.9839526643858008,0.7840909090909091
3clq,random,30,,TGGWYDDYADAYKQVFHQGHWM,1.3059968803224424,0.9850521804084528,0.6590909090909091
3clq,random,45,,ILLRHCQTNQSIAQDGYRTDRH,9.769400774734327,0.9684155737560864,0.1931818181818181
3clq,random,60,,DGYLDFHFIQGFESFQDWMRKM,1.1986714017366218,0.9850967196509128,0.6931818181818182
3clq,random,75,,CFMCDWHYYFEKPHDHFNKWRE,2.18376179506104,0.9736649926516084,0.6818181818181819
3clq,random,90,,VTPTCLDHWSVMTMPSNRQNFS,11.406053086550749,0.9722616312453496,0.1363636363636363
1o6w,random,1,,PTCMHWFSMGKWGIEKMAGAICPWYI,8.934263429607999,0.0505208770302166,0.0673076923076923
1o6w,random,15,,KSKFVLYVARGLILNEFCRIVVPGQK,8.450624870291918,0.2737124621117012,0.1442307692307692
1o6w,random,30,,PRQYAQFKTIIAHFNEATNETNMMTE,8.824755936301223,0.2944506371589681,0.1057692307692307
1o6w,random,45,,EDQNRMVVNGPNTHVAGCPRQMFFRS,7.987093939143607,0.2860564450764756,0.1826923076923077
1o6w,random,60,,YPILDACIKGKKYAYFEKTAQRWFNS,8.522449160525825,0.2927391680778392,0.1153846153846153
1o6w,random,75,,DWRIAIFCQWDYYLTCDAPFYLLITQ,10.056233914641052,-0.0364557754057129,0.0384615384615384
1o6w,random,90,,GRYEKVILIVRHFPKQAVWMRWKDIQ,6.412037803230575,0.2379143403666821,0.1346153846153846
1msl,random,1,,PACFDKNGCDRESVDTPG,4.485410637516198,0.8484925827070369,0.2777777777777778
1msl,random,15,,FPFIFFGRAICTLTQIKY,1.4292722859994185,0.9801706050350616,0.8333333333333334
1msl,random,30,,HAHPAHRAFLSIVGALEL,2.193136471371723,0.9510600149966224,0.6666666666666667
1msl,random,45,,TTPPMIQDMGFMILNTYP,2.178967424994157,0.9371976845742488,0.5416666666666666
1msl,random,60,,QQLEACSNPYRHWEQMYW,3.4505174398260445,0.9292636913887692,0.5
1msl,random,75,,MICEEPGRSWKVPCRVTV,6.084933303352592,0.4305884388923355,0.1666666666666666
1msl,random,90,,KQLWNRMPCQAHYSGKLS,8.350485669799658,0.970311104373942,0.2361111111111111
5uiy,random,1,,IHVVTVALMSCSFMMSYRL,1.5665295072527443,0.967104014899384,0.7236842105263158
5uiy,random,15,,VRGSSHGRPYLIFCKNPEY,9.88305908055012,0.9348193250428428,0.1710526315789473
5uiy,random,30,,MFQKNMWVLPWNQMVAMIN,5.448582653202794,0.9095666566842286,0.25
5uiy,random,45,,GVAHQLEMSNPAELNIPGF,5.952342203184357,0.8963875563628626,0.2368421052631578
5uiy,random,60,,TTWDENKSQENEKVYIYQI,6.04758577679935,0.9261129426173944,0.3684210526315789
5uiy,random,75,,WIADSDWEFCLNYGEDHFK,1.8897101938965488,0.9436630490422984,0.4605263157894737
5uiy,random,90,,GYCNQKMQVGCDVCKWQYT,3.9471313949152425,0.6796862228222668,0.25
3ewk,random,1,,VQQHTPQHQKMERVLPG,8.5402516171478,0.9750959133498356,0.2058823529411765
3ewk,random,15,,FYLPDKWEMCLWWACQW,2.086493421597152,0.9298286896144374,0.5441176470588236
3ewk,random,30,,RGWCSQNADSNRNCAPI,6.662661533751484,0.1766685557090266,0.1029411764705882
3ewk,random,45,,YIMFPAQPDSPEEDKVN,5.4901192648500405,0.967370214160766,0.3382352941176471
3ewk,random,60,,KLDNLKFYTVCFLYTHA,0.5054113781237395,0.995656481639042,0.9558823529411764
3ewk,random,75,,PQPDPVDKNRPYRFARL,4.555042277553744,0.8863769944959834,0.25
3ewk,random,90,,KGEHRNLANSDSVVVLE,9.499361649324564,0.97499658596032,0.1911764705882353
2qq8,random,1,,RPCWSHEVRDRFEMFTDYR,3.95963413095994,0.7691378205194215,0.381578947368421
2qq8,random,15,,QAISLVFYMQMCSRNREYK,3.908364689024735,0.8003261777683235,0.3421052631578947
2qq8,random,30,,DQHLKEMHEPHCAEKKDDS,5.704681328893735,0.8451907330070993,0.2894736842105263
2qq8,random,45,,DEAQCDDKYPFGPHPSLNT,10.220840901130138,0.7963145411543461,0.1578947368421052
2qq8,random,60,,VTHTKESIATVQHCPIQEE,13.804028738410194,0.7944328679756819,0.0921052631578947
2qq8,random,75,,PFAEYQKLYIYMKRSYIFY,3.7858149054014634,0.7981035910621013,0.3552631578947368
2qq8,random,90,,NFSYTYGGNALHHHRSLEL,9.638778005297482,0.8100225826622524,0.2236842105263157
2i13,random,1,,HSNSKGWRRGDIMSQWAYPNWGGM,6.822429574543118,0.3409284366135482,0.125
2i13,random,15,,CDTLIRIKKMWNHLGRMLDCETCY,7.825652990325087,0.2262329420669439,0.1458333333333333
2i13,random,30,,SMAVWPPYTDNMIMWRICLPTRYV,8.11167949226064,0.4671470797275407,0.0833333333333333
2i13,random,45,,RCIYRNSPEIMNDIVEPFYATVQC,7.785756185209279,0.1688337920028012,0.1458333333333333
2i13,random,60,,ECCASTNCREGVFKPYKDIFHKSD,10.418297772107094,0.4850118674415893,0.0729166666666666
2i13,random,75,,ERTSVNATWCEKAKYVYYIFWCFN,7.627867781086866,0.439216106008472,0.1145833333333333
2i13,random,90,,AYPQCPLYVFVRHFNQRAMVPDFT,9.558595769786624,0.4547570905137581,0.09375
1llm,random,1,,QRNPLPWDFAAMPVMGLSCFDLGHDFHFM,9.245589060299343,0.6405382468411036,0.0862068965517241
1llm,random,15,,SCIRLNAPPSMWVPRKANGDHVNFPEIGK,18.603840368774364,0.636848525433379,0.0517241379310344
1llm,random,30,,TRNQNSKDQHGEAPNSCGESFSYRQASQA,22.88073419641391,0.6461933625387131,0.0344827586206896
1llm,random,45,,RPRDSCVAMKTLFSWMQDSRLLWVFQPGG,9.420655707556012,0.6700689383915814,0.1206896551724138
1llm,random,60,,MLCNVYTILLCQEYFAAEQYKWAQWQETC,8.28123000356315,0.6316525866097681,0.1206896551724137
1llm,random,75,,QKHGEPKFVEAKEHKSDGTNNPTKNSVPV,20.43853273063212,0.6332412793959743,0.0086206896551724
1llm,random,90,,EWELPHCHAGKEARIADKMYLKTLVNPYM,6.647743285207354,0.6180724045945345,0.146551724137931
2lkm,random,1,,QPFVRHDPPPSQCNPAP,8.448816500626803,0.9672616237223096,0.2058823529411764
2lkm,random,15,,KSDWEWMRAMNYQQYQD,1.1876502035513974,0.9725525235167816,0.8088235294117647
2lkm,random,30,,RAVDKSRKKFLAQDPHE,1.7810281503530376,0.9417183289907384,0.5882352941176471
2lkm,random,45,,EMVDPEPPAFAHVEMVW,9.56188409000514,0.9759166673753632,0.1470588235294117
2lkm,random,60,,VQYECGRPRPPGTSTGH,7.692419901731537,0.9667010980503556,0.2352941176470588
2lkm,random,75,,KYQMRDDHQMVTYNWLR,1.1311303551389955,0.9891138605878328,0.8382352941176471
2lkm,random,90,,WSIGKWRYKEHREKMCN,0.9216981527673306,0.9883732508245212,0.7941176470588236
3h25,random,1,,LMDEDWFDWLCSDFIECYKE,1.6083084506553256,0.9693629271853068,0.7125
3h25,random,15,,GTYLCFTSCYDTHKFCICMT,8.157659784113214,0.2165119694773727,0.1125
3h25,random,30,,TKNTLGLSGDRLPHNAGCNH,9.877187216194448,0.9731443619254478,0.1375
3h25,random,45,,ACCHPIGTRFHHGVCKRGST,6.672585185279483,0.369436394556288,0.125
3h25,random,60,,RFVARLKHYWHAEALLVSLC,1.1045023884363403,0.9879622582389664,0.9125
3h25,random,75,,FIPFILSFWNTLPTAGTMMP,0.9318016267788723,0.9907476366869656,0.75
3h25,random,90,,TNCPWRLIDCQFNRNYIHMM,3.582466576931041,0.869066143732888,0.425
1n7d,random,1,,RQCKERTECLSLKTLIWAWYSHREHKQD,5.993315137363664,0.730146774763325,0.1696428571428571
1n7d,random,15,,VYDRVDRQFILKHNIDSSQNKHMLQTSL,6.941326539193709,0.6770117752851239,0.125
1n7d,random,30,,IHSPMITGFNIYYIQLSQPSEDRCCHNL,6.919339050479098,0.7414844957946938,0.1517857142857142
1n7d,random,45,,EKWPYQFEVREITIHRGFDWQEVMMYGP,11.195395793752269,0.2152694648706014,0.0267857142857142
1n7d,random,60,,TMGGRLVYTWWFIYRMFVNQAMCCNMKN,6.891687271859845,0.6859118229595997,0.1160714285714285
1n7d,random,75,,WIKQVLVRPNIPVRPCLLEWSHDGYLHY,8.49579287934027,0.3975487892930507,0.1517857142857143
1n7d,random,90,,VVCGCIFPMAFWKGWNDPKEACDGKCFD,8.063024475062484,0.5090067045699608,0.1517857142857142
3m9q,random,1,,INVAHTDCKWLAWDAWI,8.913906951870675,0.974386969902984,0.2058823529411764
3m9q,random,15,,ETVCINHPCKMKRKCSS,6.046392220382488,0.193788814876179,0.1176470588235294
3m9q,random,30,,GQKWIAMWFNQIKYAAF,0.6201624315879033,0.9975483056114184,0.9705882352941176
3m9q,random,45,,DTVQVGTDCWVPSNAMQ,7.129407947982717,0.939540898552305,0.25
3m9q,random,60,,ETPTNNYQKRQIYKIEV,0.8839143570173636,0.9861321384943584,0.8235294117647058
3m9q,random,75,,IWLPNRGGYDTMHATSP,2.352106045536495,0.9490840725962966,0.6029411764705882
3m9q,random,90,,WGTITCGICEDGHCYEN,5.277619808226385,0.452154116858969,0.1764705882352941
1f2i,random,1,,DSRWGMIYIMPSWIVVAWWEQMFLQLKI,10.494023597468695,0.4151646830410797,0.0625
1f2i,random,15,,EGMKATEGSHDFEQAICPELKLCQQWDV,6.433463714657994,0.4144585713593208,0.1517857142857143
1f2i,random,30,,LSQTEKYAKGWQQMYWAYWPAVWRFVDA,8.790469963722144,0.4290360922396572,0.1160714285714285
1f2i,random,45,,NHAFRQWVQMNACSSYNRKFMRLKWMVQ,9.03138985788063,0.4202838336545541,0.0803571428571428
1f2i,random,60,,QSYEPDCATKGTASNTHTWANIYCCQMD,5.398348899331362,0.4031918524004834,0.1875
1f2i,random,75,,QANATRFMVEQVPSTQREIPAKRPHCIC,20.790113218672392,0.4247375649411798,0.0446428571428571
1f2i,random,90,,DIWKRGWEVWLQMEQKHCRLRVIMRAVW,9.130906212813745,0.417746079996643,0.0714285714285714
1s7m,random,1,,IIYTMHNEPHSRRKTSQTPILLYKGRVH,14.113155259565223,0.3021146033438788,0.0267857142857142
1s7m,random,15,,ACEVKDKAYFLDPTVKPVTMEGDHGHVS,15.892934647682765,0.2902244570602849,0.0357142857142857
1s7m,random,30,,DYFTVAMGYATFENNHSNVNETDPWCDW,8.806986131343216,0.3504213841562239,0.0982142857142857
1s7m,random,45,,SQEEVAQMIWKQIYIIHQMSVDYYFGYT,9.113824421772147,0.2820850273493004,0.0803571428571428
1s7m,random,60,,MKAFVCIHGIAKNMYIMQNKRSFQTGIA,9.322675017442096,0.2870739714434606,0.0625
1s7m,random,75,,YDDYPFTAGIKNHFYWKRFRCTQRFKCR,9.238619519321423,0.280246942958909,0.0803571428571428
1s7m,random,90,,FRLEMPQMQPTWAMWFCMITYPSPFCWK,8.327638011864298,0.3890250777481092,0.1160714285714285
1np6,random,1,,QECCTHECGTYLYEYTASRGYMIHQLY,7.410230066545219,0.2888644698682788,0.1481481481481481
1np6,random,15,,TGNCQWHNNWNVQNHHLYYGPYACYCS,6.088425864287215,0.5667811091751124,0.2037037037037037
1np6,random,30,,ERGCNYNTAAPPASYVEDAKSFRSESV,10.579292239873649,0.3792411779979964,0.0833333333333333
1np6,random,45,,YRRHCPTHENNFRHMVSNHTFRSRTRT,8.329812190328877,0.3579761706847649,0.0833333333333333
1np6,random,60,,LLEWTVICAKCMVWHANLWTLGRKFHS,8.914783763806462,0.3551448043161817,0.0277777777777777
1np6,random,75,,EDPPWPGIVYSPEHHCVAAVDTTHHDA,13.40362157442203,0.446308598118697,0.0277777777777777
1np6,random,90,,NDIMDELPGDGAHSIHIMGQHQKTIPD,20.318190849877265,0.3781574695229804,0.0092592592592592
2prt,random,1,,FGTSGQVATIWGNSSGRNCSVCARVEKM,8.478103705444928,0.3076175630516488,0.0982142857142857
2prt,random,15,,YTYDQTAYSIMHWKMKDHNHDKHTKEKL,8.172124890845387,0.5738807989980329,0.0803571428571428
2prt,random,30,,LAPMTDACNQRCHIQYDVCVGTRKIITT,4.870756784981082,0.3850510708933803,0.1875
2prt,random,45,,RVCTAIMTKWDGKHHAFMRGWWSWWCEK,4.660472398927691,0.4753387809719926,0.3303571428571428
2prt,random,60,,SGCTTSFHPCFYKSADIYRNSICDYQGK,5.662865118065643,0.3824689047823774,0.2232142857142857
2prt,random,75,,SDMLEDDPFWTRFAEQQCSDGNYVIYQE,6.460037149093671,0.5330517450003593,0.1696428571428571
2prt,random,90,,VCMPTPKCERRLWAALDCRRFPSHHRIF,4.549904979297277,0.500277886184739,0.2053571428571428
3e7r,random,1,,GLVLQFHFVVSCAVEYNWRNNDYPHEFGTG,9.639262055237204,0.3247426740283728,0.075
3e7r,random,15,,FQIEANMHLWIRGSWRYLPKVVDSEWSCYQ,11.059839243258976,0.2928135767915277,0.075
3e7r,random,30,,MEASRQRYQAAFSSCQGLPRMRWFSHNVGP,8.484484146264455,0.3171285195717148,0.1166666666666666
3e7r,random,45,,SAKVWQSTKQREFDVPDSRIQQNPGKYRNP,22.708178931976796,0.306488660262276,0.0416666666666666
3e7r,random,60,,MCFHDKLVHHMALRQSHMCWALIIWYGFLC,11.199233974572646,0.2990546623266352,0.1166666666666666
3e7r,random,75,,CPYLVDKMDKNGFSCLGEVASFYMPTYQAT,10.621163768578578,0.3905001026808926,0.2
3e7r,random,90,,QMWGRISHTMHETKAIQSQDMNMSRWKTAN,10.967786901424525,0.2952691390622746,0.0999999999999999
2oar,random,1,,HQFYDEIVDCIIELRQQ,0.5980919200018548,0.997264366585442,0.9852941176470588
2oar,random,15,,ESQRVFQPRYIWRRRWW,8.521322702934386,0.972117012745118,0.1617647058823529
2oar,random,30,,FWGIVLPGVTFHSIAQS,0.8907690477025003,0.9919777341188092,0.8823529411764706
2oar,random,45,,KKEGFCYTWRTCRLPET,5.249448592574425,0.404742102889436,0.1323529411764706
2oar,random,60,,FHETIMCTPKDIMKVIE,4.186476131241404,0.8641586515033516,0.3529411764705882
2oar,random,75,,YICYKMIVPLTILLTDG,0.9622820462922336,0.9954307185247628,0.8823529411764706
2oar,random,90,,YQNWPPMWNLMPLIAYG,2.9353838631125213,0.9424679639699338,0.5147058823529411
1emn,random,1,,CLGEEDGILRIMMGAVRPDNSRSHESQ,19.383196232626677,0.436121694348484,0.1018518518518518
1emn,random,15,,FLIVKNKSPPCFVSECYFTAIKVQMQG,6.206651369056447,0.3973819585146708,0.1851851851851851
1emn,random,30,,ICYIVKCNHIYMCPDVKVYNQFQRSCV,5.5142745566939775,0.4673833254069494,0.2407407407407407
1emn,random,45,,QMMGIQKMWNIDEGLIRFILGSGMFLA,8.718384134399662,0.4091844561479153,0.1574074074074073
1emn,random,60,,WRVFRKAAPLCWAIMTSYKCVWRWLPW,9.069185650276538,0.3985764863018723,0.1481481481481481
1emn,random,75,,LCCIRDNCMTHWQPMLSRHFQIVDWSL,14.776767348478629,0.477102367443067,0.1388888888888889
1emn,random,90,,VCSMAEHFIAINARVTMEKHEHNVKWW,8.420302717906948,0.4207607466372849,0.1481481481481481
2qiw,random,1,,IATSRNTIVYRGLRMLQQG,0.9718514646870392,0.9868694801650402,0.8289473684210527
2qiw,random,15,,AESELKWRVQQEGSHPFCW,2.234462514485784,0.9602967075463572,0.5394736842105263
2qiw,random,30,,CEWLPENLSHGDDKESGWY,5.811506943764154,0.9661364114730822,0.3421052631578947
2qiw,random,45,,TWKWIRLAFAINNESMYFY,0.8971349254287468,0.9896310401621048,0.8947368421052632
2qiw,random,60,,ISPQFHPMGHSNFRGEHEG,10.028416587221566,0.9744244585749848,0.1973684210526315
2qiw,random,75,,QAEKGCNSMFKTFSVQKCD,9.053929147571786,0.975177466936656,0.2368421052631578
2qiw,random,90,,NAANWYFPDWMKIHHLFHY,2.981908342105916,0.9166744562784542,0.4342105263157895
4gzn,random,1,,EDVANFKDATHWCEQQFAAHGIGAGWAD,6.735596560052538,0.548667774047725,0.1696428571428571
4gzn,random,15,,DTIQVANDIEAANFWLWFGPMKRPIEYV,7.848308990840556,0.6064587810270599,0.1607142857142857
4gzn,random,30,,IAMGKHGFQLIVNIQWFQMEFGYNPNPP,7.929302311626478,0.5870223641392184,0.1428571428571428
4gzn,random,45,,DHCMWCYRVLLLNLIYEWHRPRHCNYIG,9.806735804971115,0.6015979855205548,0.0892857142857142
4gzn,random,60,,WCSGGFAVDNSGPSCNKGSDERSRWNKC,15.562548001656934,0.5879592034381858,0.0535714285714285
4gzn,random,75,,QDWSCHCMFSRQRDNMQYDTVRCYKGKT,9.93744755667302,0.2490933161072484,0.0982142857142857
4gzn,random,90,,EECVCYPRDDGFIQMYFKWGHAFVAFEE,5.607857423013134,0.48903462049292,0.1875
2e45,random,1,,HGKGLGSSTENGPNKLSADWLLD,17.052335505869596,0.2422367296620369,0.0652173913043478
2e45,random,15,,ISPFTHFMFQDILWRMFWDKSAI,7.912928528708305,0.2069269295411667,0.1195652173913043
2e45,random,30,,QRNSFDFRCNASHSLRIKNQYSV,8.336788637211322,0.209652159903344,0.0978260869565217
2e45,random,45,,RIGWNEVFWAWLYQAESVWAVTP,8.39488450106726,0.2159673243243876,0.1304347826086956
2e45,random,60,,MGQMLVTGLTIPYYDMSRIDHIH,6.484831207110395,0.5508645892036005,0.2065217391304347
2e45,random,75,,IMPTSWCWGVHNQSCVMGYVGVY,8.347808170487596,0.217177977567633,0.0978260869565217
2e45,random,90,,CWHFYVDQCAPWAYCDDHQDNYP,6.749954214546749,0.1631215967137704,0.1521739130434782
3vdu,random,1,,DNSTVFTMQYTYDHVVSYWRFER,6.266751328726111,0.6302236490192873,0.1956521739130434
3vdu,random,15,,RFITKTKNRMRRGPCQCILHGLQ,15.671054016015429,0.6472871751692324,0.0543478260869565
3vdu,random,30,,SDDDCYIDFMRTIKRFYPVQRFC,6.90250607243625,0.6840047532735274,0.1739130434782608
3vdu,random,45,,HWKFTNIRMPNPQKYFCCYGVST,6.415369712221944,0.462947237611479,0.1739130434782608
3vdu,random,60,,DHLHGLVFYKRHKSYSIPCESEM,5.702367969840037,0.4853317735129114,0.1739130434782608
3vdu,random,75,,QVHGCIHVCARNEITKTIMTMRP,7.815535903628026,0.3445031064081185,0.1195652173913043
3vdu,random,90,,LFRQQIGMGVKRDTYYSSMFWIA,6.337568404647824,0.6299538270411004,0.1956521739130434
3sb1,random,1,,ASSLLAKRTAYPRLKVVPWS,4.22092157783693,0.940387208770042,0.3625
3sb1,random,15,,EEIDPYLPDCGGFYPVRRGS,6.321132893729538,0.9533265293489462,0.25
3sb1,random,30,,EDIKTNPRDCFKFVKENEKI,2.875928395188222,0.9352955136891528,0.6
3sb1,random,45,,IFSVEQICYSCRQKMLDWIL,1.7670079253363864,0.9556003737510714,0.7250000000000001
3sb1,random,60,,HDSYICEKGVSHIKRIHCRE,5.394825257100281,0.4643975833792816,0.175
3sb1,random,75,,CCGRWYKANGQVRSVPHKQI,6.977134641629614,0.186361215540782,0.1125
3sb1,random,90,,GYPRLCHGSYWAQNHFDVWS,1.4588881856453335,0.9712021266579592,0.8500000000000001
3c8v,random,1,,ADCEDHAVPTLTNFWYAED,9.900832633956409,0.9783338825674074,0.1710526315789473
3c8v,random,15,,MTCAHQGGKCSYGYFNKHI,3.874083140199163,0.8251010813853372,0.2763157894736842
3c8v,random,30,,REFKKIVQSFQGCPGLIEH,2.2172555313892848,0.940805854292239,0.4868421052631578
3c8v,random,45,,TKAWFIYVFGCGNAWARMD,0.9790688943090612,0.9869165512138318,0.8947368421052632
3c8v,random,60,,DSTGQPEFEGMKDVRWFRH,8.936796289594591,0.970149371063078,0.1842105263157895
3c8v,random,75,,RMNKFPPGRHKWFAEVAQR,2.487365000670718,0.8953791537412757,0.4342105263157895
3c8v,random,90,,EMAICATMPDTPGFYLFFH,7.250663579081848,0.1801120564124258,0.0526315789473684
1lql,random,1,,PRTLQNFVSNRCIWLNGVSTWWLDKI,8.99788127277457,0.2702864994525819,0.0769230769230769
1lql,random,15,,RETVVWRMDSNRSMMEHNFRIWPYIM,9.042608857714422,0.2707210722680878,0.0673076923076923
1lql,random,30,,VKQQLFKQTFDKFHTLDPIMHHGKNG,9.667464556807694,0.2669787143972098,0.0673076923076923
1lql,random,45,,PWTFLVMGSILMIDNLACIRAWTGWE,8.60759233170647,0.2888602019001801,0.0384615384615384
1lql,random,60,,LRFAMHGICRSSWFIWGYAACGTYFD,9.08711744100597,0.2763715275284069,0.0769230769230769
1lql,random,75,,PMAYHPWMLVLDAAFCMWAMYFTSML,8.746017786259928,0.3053256966517044,0.0865384615384615
1lql,random,90,,SWQNMPNNKNEDQMLWYQWYWQGWSF,9.273568533554949,0.3012440687289175,0.0576923076923076
2kxq,random,1,,NFFDKPFIMVKHAEKEITNICWELRDMDKH,11.230771297199473,0.1928807170772558,0.0583333333333333
2kxq,random,15,,SDDGLGTNLNYNGCMISSFSSSECQCVDWV,6.125423831399083,0.3859962908965297,0.1833333333333333
2kxq,random,30,,RTPKTGNIYSQYALFANADIREGKSATIHT,14.486483323674852,0.1964542447145129,0.0583333333333333
2kxq,random,45,,LHCDVSNWMYCYNCWFWDCAQCGWEMCYHT,5.6993523911819794,0.2325480454856375,0.1166666666666666
2kxq,random,60,,AKTSFHRIMMVDFYKVFDNLDKKCVWHPAM,11.892297216574134,0.1976043788353275,0.0416666666666666
2kxq,random,75,,TICHIYEWIANEVARFTRKSETSGWVMHWP,9.084247361802806,0.2242847523676228,0.0583333333333333
2kxq,random,90,,TPPFAKLWRFGKWPVMSYPLWHCMRPRAQI,8.378641513691779,0.2710097281359681,0.1
1p9n,random,1,,QLWVRWKTWHCMAVTENAGEWCVGHLLEQ,9.676476073669676,0.4186549696225701,0.1206896551724138
1p9n,random,15,,KLWEMVTHNSPGNSKDAYITKDTATYFLE,7.13848538480477,0.3140830970319247,0.1206896551724138
1p9n,random,30,,AIMVKVPCGNSMCYELPSLCSKDSTVCVN,7.841357578575877,0.1221088038219622,0.1293103448275862
1p9n,random,45,,FNIKTRWTRSGGGMTPWLGHMSNYCFKKR,13.834913209867718,0.3019774638385876,0.0517241379310344
1p9n,random,60,,AFIVIAQYHLGSHIPRYEWPMMMKICWVN,6.381765337670021,0.4081276152556068,0.1551724137931034
1p9n,random,75,,QAKNIFRFQSKCCALMFPDRKVQFKEVAI,8.96781949568681,0.4158792221454422,0.0603448275862069
1p9n,random,90,,GVMTQFFYSIQWCWPWGPTLPRKDTDFRI,12.168813803005673,0.3638859597553319,0.0258620689655172
1r5l,random,1,,DYCVQEFDAPHSMMY,7.004925277839712,0.8788270238411429,0.2166666666666666
1r5l,random,15,,VNAPAEKCWYQKPTN,7.485806456908705,0.8663339011876027,0.1999999999999999
1r5l,random,30,,DGQMDMFCPNHYWDR,5.4589245881462105,0.8766563722865318,0.3333333333333333
1r5l,random,45,,VGIYLQHRTFSPGFW,3.699955438273552,0.805886880637679,0.3666666666666667
1r5l,random,60,,DCLPTTMIRTFSAYT,3.067540364399972,0.8026410470458526,0.2833333333333333
1r5l,random,75,,EIKEKWLFTYYLKPG,2.7530816479238065,0.8396308266703181,0.3
1r5l,random,90,,PWLYYDKCLGAKDYQ,2.832066770223929,0.8532890370445523,0.4166666666666667
3w68,random,1,,RMWEQFRNENIHVPK,2.702937903088856,0.8509232882368318,0.35
3w68,random,15,,RKDILEFYYTSNRCN,2.5974728008427137,0.87316397200181,0.3333333333333333
3w68,random,30,,HGDDSLVREICWCWW,2.777618209749187,0.8488651081045002,0.3333333333333333
3w68,random,45,,KYYQRTSWDRHGSSL,6.465532106153317,0.8973544634163116,0.3
3w68,random,60,,IVSPKNCFVRISRIV,2.8667426988238778,0.8452109779767139,0.4
3w68,random,75,,SSVCCKRICQADAGQ,4.796355301437897,0.4610296659199784,0.2833333333333333
3w68,random,90,,QWYFCPHWWEGCDCI,4.645834764807205,0.4869011599894277,0.2666666666666666
